{
	"info": {
		"_postman_id": "296b0054-4f3d-56e7-86e6-b21f95b04f26",
		"name": "Audit Query API (Beta)",
		"description": ">**NOTE**: The audit logs feature in Adobe Experience Platform is currently in beta and your organization may not have access to it yet. The functionality described in this API reference is subject to change.\n\nAdobe Experience Platform allows you to audit user activity for various services and capabilities in the form of audit logs. Each action recorded in a log contains metadata that indicates the action type, date and time, the email ID of the user who performed the action, and additional attributes relevant to the action type.\n\nThe Audit Query API allows you to programmatically view and export audit logs recorded by the system.\n- Related documentation:\n    - [Audit logs overview](https://experienceleague.adobe.com/docs/experience-platform/landing/governance-privacy-security/audit-logs/overview.html)\n\n- Visualize API calls with Postman (a free, third-party software):\n    - [Audit Query API Postman collection on GitHub](https://github.com/adobe/experience-platform-postman-samples/blob/master/apis/experience-platform/Audit%20Query%20API.postman_collection.json)\n    - [Video guide for creating the Postman environment](https://video.tv.adobe.com/v/28832)\n    - [Steps for importing environments and collections in Postman](https://learning.postman.com/docs/getting-started/importing-and-exporting-data/)\n  \n- API paths:\n    - PLATFORM Gateway URL: https://<span>platform.adobe.io/\n    - Base path for this API: /data/foundation\n    - Example of a complete path: https://<span>platform.adobe.io/data/foundation/audit/events\n\n- Required headers:\n    - All calls require the headers `Authorization`, `x-gw-ims-org-id`, and `x-api-key`. For more information on how to obtain these values, see the [authentication tutorial](http://www.adobe.com/go/platform-api-authentication-en).\n    - All resources in Experience Platform are isolated to specific virtual sandboxes. All requests to Platform APIs require the header `x-sandbox-name` whose value is the all-lowercase name of the sandbox the operation will take place in (for example, \"prod\"). See the [sandboxes overview](https://adobe.com/go/sandbox-overview-en) for more information.",
		"schema": "https://schema.getpostman.com/json/collection/v2.1.0/collection.json"
	},
	"item": [
		{
			"name": "Audit events",
			"item": [
				{
					"name": "List audit events",
					"event": [
						{
							"listen": "prerequest",
							"script": {
								"type": "text/javascript",
								"exec": [
									"/** Begin Adobe-provided Pre-Request Scripts **/",
									"// Do not send HTTP Headers with empty variables, as Postman will send the literal variable name",
									"pm.request.headers.each(header => {",
									"    if (header.value.startsWith(\"{{\") && header.value.endsWith(\"}}\")) {",
									"        if (!pm.variables.get(header.value.substring(2, header.value.length - 2))) { pm.request.headers.remove(header.key); }",
									"    }",
									"});",
									"",
									"// Do not send HTTP URL Query Parameters with empty variables, as Postman will send the literal variable name",
									"pm.request.url.query.remove(q => { ",
									"    if (q.value.startsWith(\"{{\") && q.value.endsWith(\"}}\")) {",
									"        return !pm.variables.get(q.value.substring(2, q.value.length - 2));",
									"    } ",
									"});",
									"/** End Adobe-provided Pre-Request Scripts **/"
								]
							}
						}
					],
					"_postman_id": "2ae09274-685b-550f-b023-7f69f8982efa",
					"request": {
						"method": "GET",
						"header": [
							{
								"key": "Accept",
								"value": "application/json"
							},
							{
								"key": "Content-Type",
								"value": "application/json"
							},
							{
								"key": "Authorization",
								"value": "Bearer {{ACCESS_TOKEN}}",
								"description": "The access token which can be copied from your Experience Platform integration, prefixed with \"Bearer \".  For more information on how to obtain this value, visit the [authentication tutorial](http://www.adobe.com/go/platform-api-authentication-en).",
								"type": "string",
								"enabled": true
							},
							{
								"key": "x-api-key",
								"value": "{{API_KEY}}",
								"description": "The API key which can be copied from your Experience Platform integration. For more information on how to obtain this value, visit the [authentication tutorial](http://www.adobe.com/go/platform-api-authentication-en).",
								"type": "string",
								"enabled": true
							},
							{
								"key": "x-gw-ims-org-id",
								"value": "{{IMS_ORG}}",
								"description": "The Organization ID which can be copied from your Experience Platform integration. For more information on how to obtain this value, visit the [authentication tutorial](http://www.adobe.com/go/platform-api-authentication-en).",
								"type": "string",
								"enabled": true
							},
							{
								"key": "x-sandbox-name",
								"value": "{{SANDBOX_NAME}}",
								"description": "The name of the sandbox in which the operation will take place. See the [sandboxes overview documentation](https://adobe.com/go/sandbox-overview-en) for more information.",
								"type": "string",
								"enabled": true
							},
							{
								"key": "x-request-id",
								"value": "{{x-request-id}}",
								"description": "A tracing ID associated with the request. If one is not provided on the request, the server generates one automatically.",
								"type": "string",
								"enabled": true
							}
						],
						"body": {
							"mode": "formdata",
							"formdata": []
						},
						"url": {
							"raw": "https://platform.adobe.io/data/foundation/audit/events?property={{property}}&limit=50&start={{start}}&queryId={{queryId}}",
							"protocol": "https",
							"host": [
								"platform",
								"adobe",
								"io"
							],
							"path": [
								"data",
								"foundation",
								"audit",
								"events"
							],
							"query": [
								{
									"key": "property",
									"value": "{{property}}"
								},
								{
									"key": "limit",
									"value": "50"
								},
								{
									"key": "start",
									"value": "{{start}}"
								},
								{
									"key": "queryId",
									"value": "{{queryId}}"
								}
							]
						}
					},
					"response": []
				},
				{
					"name": "Export a list of audit events",
					"event": [
						{
							"listen": "prerequest",
							"script": {
								"type": "text/javascript",
								"exec": [
									"/** Begin Adobe-provided Pre-Request Scripts **/",
									"// Do not send HTTP Headers with empty variables, as Postman will send the literal variable name",
									"pm.request.headers.each(header => {",
									"    if (header.value.startsWith(\"{{\") && header.value.endsWith(\"}}\")) {",
									"        if (!pm.variables.get(header.value.substring(2, header.value.length - 2))) { pm.request.headers.remove(header.key); }",
									"    }",
									"});",
									"",
									"// Do not send HTTP URL Query Parameters with empty variables, as Postman will send the literal variable name",
									"pm.request.url.query.remove(q => { ",
									"    if (q.value.startsWith(\"{{\") && q.value.endsWith(\"}}\")) {",
									"        return !pm.variables.get(q.value.substring(2, q.value.length - 2));",
									"    } ",
									"});",
									"/** End Adobe-provided Pre-Request Scripts **/"
								]
							}
						}
					],
					"_postman_id": "e0dff9d0-4fa5-5449-8e66-5a50bd70e001",
					"request": {
						"method": "GET",
						"header": [
							{
								"key": "Accept",
								"value": "application/octet-stream"
							},
							{
								"key": "Content-Type",
								"value": "application/json"
							},
							{
								"key": "Authorization",
								"value": "Bearer {{ACCESS_TOKEN}}",
								"description": "The access token which can be copied from your Experience Platform integration, prefixed with \"Bearer \".  For more information on how to obtain this value, visit the [authentication tutorial](http://www.adobe.com/go/platform-api-authentication-en).",
								"type": "string",
								"enabled": true
							},
							{
								"key": "x-api-key",
								"value": "{{API_KEY}}",
								"description": "The API key which can be copied from your Experience Platform integration. For more information on how to obtain this value, visit the [authentication tutorial](http://www.adobe.com/go/platform-api-authentication-en).",
								"type": "string",
								"enabled": true
							},
							{
								"key": "x-gw-ims-org-id",
								"value": "{{IMS_ORG}}",
								"description": "The Organization ID which can be copied from your Experience Platform integration. For more information on how to obtain this value, visit the [authentication tutorial](http://www.adobe.com/go/platform-api-authentication-en).",
								"type": "string",
								"enabled": true
							},
							{
								"key": "x-sandbox-name",
								"value": "{{SANDBOX_NAME}}",
								"description": "The name of the sandbox in which the operation will take place. See the [sandboxes overview documentation](https://adobe.com/go/sandbox-overview-en) for more information.",
								"type": "string",
								"enabled": true
							},
							{
								"key": "x-request-id",
								"value": "{{x-request-id}}",
								"description": "A tracing ID associated with the request. If one is not provided on the request, the server generates one automatically.",
								"type": "string",
								"enabled": true
							}
						],
						"body": {
							"mode": "formdata",
							"formdata": []
						},
						"url": {
							"raw": "https://platform.adobe.io/data/foundation/audit/export?property={{property}}",
							"protocol": "https",
							"host": [
								"platform",
								"adobe",
								"io"
							],
							"path": [
								"data",
								"foundation",
								"audit",
								"export"
							],
							"query": [
								{
									"key": "property",
									"value": "{{property}}"
								}
							]
						}
					},
					"response": []
				}
			],
			"_postman_id": "bd4164c7-d4eb-59e3-87c2-e4128a5a81b8",
			"description": "Audit events are timestamped records of observed activities in Platform. The API allows you to query events over the last 90 days and create export requests."
		}
	]
}