{
	"info": {
		"_postman_id": "a8c44014-4c10-54e3-8e50-565fb531f639",
		"name": "Data Prep API",
		"description": "Data Prep allows data engineers to map, transform, and validate data to and from Experience Data Model (XDM). The Data Prep API lets you programatically create mapping sets and functions, allowing you to transform your data between source and destination schemas.\n- Related documentation:\n  - [Data Prep documentation](https://experienceleague.adobe.com/docs/experience-platform/data-prep/home.html)\n\n- API paths:\n  - Platform Gateway URL: https://<spam>platform.adobe.io/\n  - Base path for this API: /data/foundation/conversation\n  - Example of a complete path: https://<span>platform.adobe.io/data/foundation/conversion/languages/el/functions\n\n- Required headers:\n    - All calls require the headers `Authorization`, `x-gw-ims-org-id`, and `x-api-key`. For more information on how to obtain these values, see the [authentication tutorial](https://www.adobe.com/go/platform-api-authentication-en).\n    - All resources in Experience Platform are isolated to specific virtual sandboxes. All requests to Platform APIs require the header `x-sandbox-name` whose value is the all-lowercase name of the sandbox the operation will take place in (for example, \"prod\"). See the [sandboxes overview](https://adobe.com/go/sandbox-overview-en) for more information.\n    - All requests with a payload in the request body (such as POST, PUT, and PATCH calls) must include the `Content-Type` header with a value of `application/json`.",
		"schema": "https://schema.getpostman.com/json/collection/v2.1.0/collection.json"
	},
	"item": [
		{
			"name": "Functions",
			"item": [
				{
					"name": "Validate an expression",
					"event": [
						{
							"listen": "prerequest",
							"script": {
								"type": "text/javascript",
								"exec": [
									"/** Begin Adobe-provided Pre-Request Scripts **/",
									"// Do not send HTTP Headers with empty variables, as Postman will send the literal variable name",
									"pm.request.headers.each(header => {",
									"    if (header.value.startsWith(\"{{\") && header.value.endsWith(\"}}\")) {",
									"        if (!pm.variables.get(header.value.substring(2, header.value.length - 2))) { pm.request.headers.remove(header.key); }",
									"    }",
									"});",
									"",
									"// Do not send HTTP URL Query Parameters with empty variables, as Postman will send the literal variable name",
									"pm.request.url.query.remove(q => { ",
									"    if (q.value.startsWith(\"{{\") && q.value.endsWith(\"}}\")) {",
									"        return !pm.variables.get(q.value.substring(2, q.value.length - 2));",
									"    } ",
									"});",
									"/** End Adobe-provided Pre-Request Scripts **/"
								]
							}
						}
					],
					"_postman_id": "df6b964c-56cd-517b-8a79-c978f1f703a2",
					"request": {
						"method": "POST",
						"header": [
							{
								"key": "Accept",
								"value": "application/json"
							},
							{
								"key": "Content-Type",
								"value": "application/json"
							},
							{
								"key": "Authorization",
								"value": "Bearer {{ACCESS_TOKEN}}",
								"description": "The access token which can be copied from your Experience Platform integration, prefixed with \"Bearer \". For more information on how to obtain this value, visit the [authentication tutorial](http://www.adobe.com/go/platform-api-authentication-en).",
								"type": "string",
								"enabled": true
							},
							{
								"key": "x-api-key",
								"value": "{{API_KEY}}",
								"description": "The API key which can be copied from your Experience Platform integration. For more information on how to obtain this value, visit the [authentication tutorial](http://www.adobe.com/go/platform-api-authentication-en).",
								"type": "string",
								"enabled": true
							},
							{
								"key": "x-gw-ims-org-id",
								"value": "{{IMS_ORG}}",
								"description": "The IMS Organization ID which can be copied from your Experience Platform integration. For more information on how to obtain this value, visit the [authentication tutorial](http://www.adobe.com/go/platform-api-authentication-en).",
								"type": "string",
								"enabled": true
							},
							{
								"key": "x-sandbox-name",
								"value": "{{SANDBOX_NAME}}",
								"description": "All resources in Experience Platform are isolated to specific virtual sandboxes. Requests to Platform APIs require a header that specifies the name of the sandbox in which the operation will take place. See the [sandboxes overview](https://adobe.com/go/sandbox-overview-en) for more information.",
								"type": "string",
								"enabled": true
							}
						],
						"body": {
							"mode": "raw",
							"raw": "{{body}}"
						},
						"url": {
							"raw": "https://platform.adobe.io/data/foundation/conversion/languages/el/validate",
							"protocol": "https",
							"host": [
								"platform",
								"adobe",
								"io"
							],
							"path": [
								"data",
								"foundation",
								"conversion",
								"languages",
								"el",
								"validate"
							]
						}
					},
					"response": []
				},
				{
					"name": "List the available mapping set functions",
					"event": [
						{
							"listen": "prerequest",
							"script": {
								"type": "text/javascript",
								"exec": [
									"/** Begin Adobe-provided Pre-Request Scripts **/",
									"// Do not send HTTP Headers with empty variables, as Postman will send the literal variable name",
									"pm.request.headers.each(header => {",
									"    if (header.value.startsWith(\"{{\") && header.value.endsWith(\"}}\")) {",
									"        if (!pm.variables.get(header.value.substring(2, header.value.length - 2))) { pm.request.headers.remove(header.key); }",
									"    }",
									"});",
									"",
									"// Do not send HTTP URL Query Parameters with empty variables, as Postman will send the literal variable name",
									"pm.request.url.query.remove(q => { ",
									"    if (q.value.startsWith(\"{{\") && q.value.endsWith(\"}}\")) {",
									"        return !pm.variables.get(q.value.substring(2, q.value.length - 2));",
									"    } ",
									"});",
									"/** End Adobe-provided Pre-Request Scripts **/"
								]
							}
						}
					],
					"_postman_id": "340431be-311b-5965-8a1b-bd92c2c2481c",
					"request": {
						"method": "GET",
						"header": [
							{
								"key": "Accept",
								"value": "application/json"
							},
							{
								"key": "Authorization",
								"value": "Bearer {{ACCESS_TOKEN}}",
								"description": "The access token which can be copied from your Experience Platform integration, prefixed with \"Bearer \". For more information on how to obtain this value, visit the [authentication tutorial](http://www.adobe.com/go/platform-api-authentication-en).",
								"type": "string",
								"enabled": true
							},
							{
								"key": "x-api-key",
								"value": "{{API_KEY}}",
								"description": "The API key which can be copied from your Experience Platform integration. For more information on how to obtain this value, visit the [authentication tutorial](http://www.adobe.com/go/platform-api-authentication-en).",
								"type": "string",
								"enabled": true
							},
							{
								"key": "x-gw-ims-org-id",
								"value": "{{IMS_ORG}}",
								"description": "The IMS Organization ID which can be copied from your Experience Platform integration. For more information on how to obtain this value, visit the [authentication tutorial](http://www.adobe.com/go/platform-api-authentication-en).",
								"type": "string",
								"enabled": true
							},
							{
								"key": "x-sandbox-name",
								"value": "{{SANDBOX_NAME}}",
								"description": "All resources in Experience Platform are isolated to specific virtual sandboxes. Requests to Platform APIs require a header that specifies the name of the sandbox in which the operation will take place. See the [sandboxes overview](https://adobe.com/go/sandbox-overview-en) for more information.",
								"type": "string",
								"enabled": true
							}
						],
						"body": {
							"mode": "formdata",
							"formdata": []
						},
						"url": {
							"raw": "https://platform.adobe.io/data/foundation/conversion/languages/el/functions",
							"protocol": "https",
							"host": [
								"platform",
								"adobe",
								"io"
							],
							"path": [
								"data",
								"foundation",
								"conversion",
								"languages",
								"el",
								"functions"
							]
						}
					},
					"response": []
				},
				{
					"name": "List the available mapping set operators",
					"event": [
						{
							"listen": "prerequest",
							"script": {
								"type": "text/javascript",
								"exec": [
									"/** Begin Adobe-provided Pre-Request Scripts **/",
									"// Do not send HTTP Headers with empty variables, as Postman will send the literal variable name",
									"pm.request.headers.each(header => {",
									"    if (header.value.startsWith(\"{{\") && header.value.endsWith(\"}}\")) {",
									"        if (!pm.variables.get(header.value.substring(2, header.value.length - 2))) { pm.request.headers.remove(header.key); }",
									"    }",
									"});",
									"",
									"// Do not send HTTP URL Query Parameters with empty variables, as Postman will send the literal variable name",
									"pm.request.url.query.remove(q => { ",
									"    if (q.value.startsWith(\"{{\") && q.value.endsWith(\"}}\")) {",
									"        return !pm.variables.get(q.value.substring(2, q.value.length - 2));",
									"    } ",
									"});",
									"/** End Adobe-provided Pre-Request Scripts **/"
								]
							}
						}
					],
					"_postman_id": "46ff17b7-d644-527d-8dfb-cc90744f3bf6",
					"request": {
						"method": "GET",
						"header": [
							{
								"key": "Accept",
								"value": "application/json"
							},
							{
								"key": "Authorization",
								"value": "Bearer {{ACCESS_TOKEN}}",
								"description": "The access token which can be copied from your Experience Platform integration, prefixed with \"Bearer \". For more information on how to obtain this value, visit the [authentication tutorial](http://www.adobe.com/go/platform-api-authentication-en).",
								"type": "string",
								"enabled": true
							},
							{
								"key": "x-api-key",
								"value": "{{API_KEY}}",
								"description": "The API key which can be copied from your Experience Platform integration. For more information on how to obtain this value, visit the [authentication tutorial](http://www.adobe.com/go/platform-api-authentication-en).",
								"type": "string",
								"enabled": true
							},
							{
								"key": "x-gw-ims-org-id",
								"value": "{{IMS_ORG}}",
								"description": "The IMS Organization ID which can be copied from your Experience Platform integration. For more information on how to obtain this value, visit the [authentication tutorial](http://www.adobe.com/go/platform-api-authentication-en).",
								"type": "string",
								"enabled": true
							},
							{
								"key": "x-sandbox-name",
								"value": "{{SANDBOX_NAME}}",
								"description": "All resources in Experience Platform are isolated to specific virtual sandboxes. Requests to Platform APIs require a header that specifies the name of the sandbox in which the operation will take place. See the [sandboxes overview](https://adobe.com/go/sandbox-overview-en) for more information.",
								"type": "string",
								"enabled": true
							}
						],
						"body": {
							"mode": "formdata",
							"formdata": []
						},
						"url": {
							"raw": "https://platform.adobe.io/data/foundation/conversion/languages/el/operators",
							"protocol": "https",
							"host": [
								"platform",
								"adobe",
								"io"
							],
							"path": [
								"data",
								"foundation",
								"conversion",
								"languages",
								"el",
								"operators"
							]
						}
					},
					"response": []
				}
			],
			"_postman_id": "ed3dcc40-c9bd-5e24-bb69-588f9b183ca8",
			"description": "Mapping-set functions allow you to transform your data between source and destination schemas. You can use these functions to validate your expressions and get a list of all the available mapping-set functions and operations."
		},
		{
			"name": "Mapping sets",
			"item": [
				{
					"name": "List mapping sets",
					"event": [
						{
							"listen": "prerequest",
							"script": {
								"type": "text/javascript",
								"exec": [
									"/** Begin Adobe-provided Pre-Request Scripts **/",
									"// Do not send HTTP Headers with empty variables, as Postman will send the literal variable name",
									"pm.request.headers.each(header => {",
									"    if (header.value.startsWith(\"{{\") && header.value.endsWith(\"}}\")) {",
									"        if (!pm.variables.get(header.value.substring(2, header.value.length - 2))) { pm.request.headers.remove(header.key); }",
									"    }",
									"});",
									"",
									"// Do not send HTTP URL Query Parameters with empty variables, as Postman will send the literal variable name",
									"pm.request.url.query.remove(q => { ",
									"    if (q.value.startsWith(\"{{\") && q.value.endsWith(\"}}\")) {",
									"        return !pm.variables.get(q.value.substring(2, q.value.length - 2));",
									"    } ",
									"});",
									"/** End Adobe-provided Pre-Request Scripts **/"
								]
							}
						}
					],
					"_postman_id": "f55a5454-d733-5be2-97f1-8c79a927a50c",
					"request": {
						"method": "GET",
						"header": [
							{
								"key": "Accept",
								"value": "application/json"
							},
							{
								"key": "Authorization",
								"value": "Bearer {{ACCESS_TOKEN}}",
								"description": "The access token which can be copied from your Experience Platform integration, prefixed with \"Bearer \". For more information on how to obtain this value, visit the [authentication tutorial](http://www.adobe.com/go/platform-api-authentication-en).",
								"type": "string",
								"enabled": true
							},
							{
								"key": "x-api-key",
								"value": "{{API_KEY}}",
								"description": "The API key which can be copied from your Experience Platform integration. For more information on how to obtain this value, visit the [authentication tutorial](http://www.adobe.com/go/platform-api-authentication-en).",
								"type": "string",
								"enabled": true
							},
							{
								"key": "x-gw-ims-org-id",
								"value": "{{IMS_ORG}}",
								"description": "The IMS Organization ID which can be copied from your Experience Platform integration. For more information on how to obtain this value, visit the [authentication tutorial](http://www.adobe.com/go/platform-api-authentication-en).",
								"type": "string",
								"enabled": true
							},
							{
								"key": "x-sandbox-name",
								"value": "{{SANDBOX_NAME}}",
								"description": "All resources in Experience Platform are isolated to specific virtual sandboxes. Requests to Platform APIs require a header that specifies the name of the sandbox in which the operation will take place. See the [sandboxes overview](https://adobe.com/go/sandbox-overview-en) for more information.",
								"type": "string",
								"enabled": true
							}
						],
						"body": {
							"mode": "formdata",
							"formdata": []
						},
						"url": {
							"raw": "https://platform.adobe.io/data/foundation/conversion/mappingSets?limit=10&start=0&name={{name}}&orderBy=lastUpdateDate&expandSchema={{expandSchema}}",
							"protocol": "https",
							"host": [
								"platform",
								"adobe",
								"io"
							],
							"path": [
								"data",
								"foundation",
								"conversion",
								"mappingSets"
							],
							"query": [
								{
									"key": "limit",
									"value": "10"
								},
								{
									"key": "start",
									"value": "0"
								},
								{
									"key": "name",
									"value": "{{name}}"
								},
								{
									"key": "orderBy",
									"value": "lastUpdateDate"
								},
								{
									"key": "expandSchema",
									"value": "{{expandSchema}}"
								}
							]
						}
					},
					"response": []
				},
				{
					"name": "Create a mapping set",
					"event": [
						{
							"listen": "prerequest",
							"script": {
								"type": "text/javascript",
								"exec": [
									"/** Begin Adobe-provided Pre-Request Scripts **/",
									"// Do not send HTTP Headers with empty variables, as Postman will send the literal variable name",
									"pm.request.headers.each(header => {",
									"    if (header.value.startsWith(\"{{\") && header.value.endsWith(\"}}\")) {",
									"        if (!pm.variables.get(header.value.substring(2, header.value.length - 2))) { pm.request.headers.remove(header.key); }",
									"    }",
									"});",
									"",
									"// Do not send HTTP URL Query Parameters with empty variables, as Postman will send the literal variable name",
									"pm.request.url.query.remove(q => { ",
									"    if (q.value.startsWith(\"{{\") && q.value.endsWith(\"}}\")) {",
									"        return !pm.variables.get(q.value.substring(2, q.value.length - 2));",
									"    } ",
									"});",
									"/** End Adobe-provided Pre-Request Scripts **/"
								]
							}
						}
					],
					"_postman_id": "aacd88e3-18c6-5ef5-b170-10f5755f4da9",
					"request": {
						"method": "POST",
						"header": [
							{
								"key": "Accept",
								"value": "application/json"
							},
							{
								"key": "Content-Type",
								"value": "application/json"
							},
							{
								"key": "Authorization",
								"value": "Bearer {{ACCESS_TOKEN}}",
								"description": "The access token which can be copied from your Experience Platform integration, prefixed with \"Bearer \". For more information on how to obtain this value, visit the [authentication tutorial](http://www.adobe.com/go/platform-api-authentication-en).",
								"type": "string",
								"enabled": true
							},
							{
								"key": "x-api-key",
								"value": "{{API_KEY}}",
								"description": "The API key which can be copied from your Experience Platform integration. For more information on how to obtain this value, visit the [authentication tutorial](http://www.adobe.com/go/platform-api-authentication-en).",
								"type": "string",
								"enabled": true
							},
							{
								"key": "x-gw-ims-org-id",
								"value": "{{IMS_ORG}}",
								"description": "The IMS Organization ID which can be copied from your Experience Platform integration. For more information on how to obtain this value, visit the [authentication tutorial](http://www.adobe.com/go/platform-api-authentication-en).",
								"type": "string",
								"enabled": true
							},
							{
								"key": "x-sandbox-name",
								"value": "{{SANDBOX_NAME}}",
								"description": "All resources in Experience Platform are isolated to specific virtual sandboxes. Requests to Platform APIs require a header that specifies the name of the sandbox in which the operation will take place. See the [sandboxes overview](https://adobe.com/go/sandbox-overview-en) for more information.",
								"type": "string",
								"enabled": true
							}
						],
						"body": {
							"mode": "raw",
							"raw": "{{body}}"
						},
						"url": {
							"raw": "https://platform.adobe.io/data/foundation/conversion/mappingSets",
							"protocol": "https",
							"host": [
								"platform",
								"adobe",
								"io"
							],
							"path": [
								"data",
								"foundation",
								"conversion",
								"mappingSets"
							]
						}
					},
					"response": []
				},
				{
					"name": "Validate a mapping set",
					"event": [
						{
							"listen": "prerequest",
							"script": {
								"type": "text/javascript",
								"exec": [
									"/** Begin Adobe-provided Pre-Request Scripts **/",
									"// Do not send HTTP Headers with empty variables, as Postman will send the literal variable name",
									"pm.request.headers.each(header => {",
									"    if (header.value.startsWith(\"{{\") && header.value.endsWith(\"}}\")) {",
									"        if (!pm.variables.get(header.value.substring(2, header.value.length - 2))) { pm.request.headers.remove(header.key); }",
									"    }",
									"});",
									"",
									"// Do not send HTTP URL Query Parameters with empty variables, as Postman will send the literal variable name",
									"pm.request.url.query.remove(q => { ",
									"    if (q.value.startsWith(\"{{\") && q.value.endsWith(\"}}\")) {",
									"        return !pm.variables.get(q.value.substring(2, q.value.length - 2));",
									"    } ",
									"});",
									"/** End Adobe-provided Pre-Request Scripts **/"
								]
							}
						}
					],
					"_postman_id": "125483a4-5300-556c-92a2-516d5ac76ea6",
					"request": {
						"method": "POST",
						"header": [
							{
								"key": "Accept",
								"value": "application/json"
							},
							{
								"key": "Content-Type",
								"value": "application/json"
							},
							{
								"key": "Authorization",
								"value": "Bearer {{ACCESS_TOKEN}}",
								"description": "The access token which can be copied from your Experience Platform integration, prefixed with \"Bearer \". For more information on how to obtain this value, visit the [authentication tutorial](http://www.adobe.com/go/platform-api-authentication-en).",
								"type": "string",
								"enabled": true
							},
							{
								"key": "x-api-key",
								"value": "{{API_KEY}}",
								"description": "The API key which can be copied from your Experience Platform integration. For more information on how to obtain this value, visit the [authentication tutorial](http://www.adobe.com/go/platform-api-authentication-en).",
								"type": "string",
								"enabled": true
							},
							{
								"key": "x-gw-ims-org-id",
								"value": "{{IMS_ORG}}",
								"description": "The IMS Organization ID which can be copied from your Experience Platform integration. For more information on how to obtain this value, visit the [authentication tutorial](http://www.adobe.com/go/platform-api-authentication-en).",
								"type": "string",
								"enabled": true
							},
							{
								"key": "x-sandbox-name",
								"value": "{{SANDBOX_NAME}}",
								"description": "All resources in Experience Platform are isolated to specific virtual sandboxes. Requests to Platform APIs require a header that specifies the name of the sandbox in which the operation will take place. See the [sandboxes overview](https://adobe.com/go/sandbox-overview-en) for more information.",
								"type": "string",
								"enabled": true
							}
						],
						"body": {
							"mode": "raw",
							"raw": "{{body}}"
						},
						"url": {
							"raw": "https://platform.adobe.io/data/foundation/conversion/mappingSets/validate",
							"protocol": "https",
							"host": [
								"platform",
								"adobe",
								"io"
							],
							"path": [
								"data",
								"foundation",
								"conversion",
								"mappingSets",
								"validate"
							]
						}
					},
					"response": []
				},
				{
					"name": "Preview mapping sets",
					"event": [
						{
							"listen": "prerequest",
							"script": {
								"type": "text/javascript",
								"exec": [
									"/** Begin Adobe-provided Pre-Request Scripts **/",
									"// Do not send HTTP Headers with empty variables, as Postman will send the literal variable name",
									"pm.request.headers.each(header => {",
									"    if (header.value.startsWith(\"{{\") && header.value.endsWith(\"}}\")) {",
									"        if (!pm.variables.get(header.value.substring(2, header.value.length - 2))) { pm.request.headers.remove(header.key); }",
									"    }",
									"});",
									"",
									"// Do not send HTTP URL Query Parameters with empty variables, as Postman will send the literal variable name",
									"pm.request.url.query.remove(q => { ",
									"    if (q.value.startsWith(\"{{\") && q.value.endsWith(\"}}\")) {",
									"        return !pm.variables.get(q.value.substring(2, q.value.length - 2));",
									"    } ",
									"});",
									"/** End Adobe-provided Pre-Request Scripts **/"
								]
							}
						}
					],
					"_postman_id": "8fd65b4e-30f1-5294-97b6-877b76c8e2e5",
					"request": {
						"method": "POST",
						"header": [
							{
								"key": "Accept",
								"value": "application/json"
							},
							{
								"key": "Content-Type",
								"value": "application/json"
							},
							{
								"key": "Authorization",
								"value": "Bearer {{ACCESS_TOKEN}}",
								"description": "The access token which can be copied from your Experience Platform integration, prefixed with \"Bearer \". For more information on how to obtain this value, visit the [authentication tutorial](http://www.adobe.com/go/platform-api-authentication-en).",
								"type": "string",
								"enabled": true
							},
							{
								"key": "x-api-key",
								"value": "{{API_KEY}}",
								"description": "The API key which can be copied from your Experience Platform integration. For more information on how to obtain this value, visit the [authentication tutorial](http://www.adobe.com/go/platform-api-authentication-en).",
								"type": "string",
								"enabled": true
							},
							{
								"key": "x-gw-ims-org-id",
								"value": "{{IMS_ORG}}",
								"description": "The IMS Organization ID which can be copied from your Experience Platform integration. For more information on how to obtain this value, visit the [authentication tutorial](http://www.adobe.com/go/platform-api-authentication-en).",
								"type": "string",
								"enabled": true
							},
							{
								"key": "x-sandbox-name",
								"value": "{{SANDBOX_NAME}}",
								"description": "All resources in Experience Platform are isolated to specific virtual sandboxes. Requests to Platform APIs require a header that specifies the name of the sandbox in which the operation will take place. See the [sandboxes overview](https://adobe.com/go/sandbox-overview-en) for more information.",
								"type": "string",
								"enabled": true
							}
						],
						"body": {
							"mode": "raw",
							"raw": "{{body}}"
						},
						"url": {
							"raw": "https://platform.adobe.io/data/foundation/conversion/mappingSets/preview",
							"protocol": "https",
							"host": [
								"platform",
								"adobe",
								"io"
							],
							"path": [
								"data",
								"foundation",
								"conversion",
								"mappingSets",
								"preview"
							]
						}
					},
					"response": []
				},
				{
					"name": "Retrieve a mapping set",
					"event": [
						{
							"listen": "prerequest",
							"script": {
								"type": "text/javascript",
								"exec": [
									"/** Begin Adobe-provided Pre-Request Scripts **/",
									"// Do not send HTTP Headers with empty variables, as Postman will send the literal variable name",
									"pm.request.headers.each(header => {",
									"    if (header.value.startsWith(\"{{\") && header.value.endsWith(\"}}\")) {",
									"        if (!pm.variables.get(header.value.substring(2, header.value.length - 2))) { pm.request.headers.remove(header.key); }",
									"    }",
									"});",
									"",
									"// Do not send HTTP URL Query Parameters with empty variables, as Postman will send the literal variable name",
									"pm.request.url.query.remove(q => { ",
									"    if (q.value.startsWith(\"{{\") && q.value.endsWith(\"}}\")) {",
									"        return !pm.variables.get(q.value.substring(2, q.value.length - 2));",
									"    } ",
									"});",
									"/** End Adobe-provided Pre-Request Scripts **/"
								]
							}
						}
					],
					"_postman_id": "c1324644-f8bf-5a40-8a2f-6cf12274ad7f",
					"request": {
						"method": "GET",
						"header": [
							{
								"key": "Accept",
								"value": "application/json"
							},
							{
								"key": "Authorization",
								"value": "Bearer {{ACCESS_TOKEN}}",
								"description": "The access token which can be copied from your Experience Platform integration, prefixed with \"Bearer \". For more information on how to obtain this value, visit the [authentication tutorial](http://www.adobe.com/go/platform-api-authentication-en).",
								"type": "string",
								"enabled": true
							},
							{
								"key": "x-api-key",
								"value": "{{API_KEY}}",
								"description": "The API key which can be copied from your Experience Platform integration. For more information on how to obtain this value, visit the [authentication tutorial](http://www.adobe.com/go/platform-api-authentication-en).",
								"type": "string",
								"enabled": true
							},
							{
								"key": "x-gw-ims-org-id",
								"value": "{{IMS_ORG}}",
								"description": "The IMS Organization ID which can be copied from your Experience Platform integration. For more information on how to obtain this value, visit the [authentication tutorial](http://www.adobe.com/go/platform-api-authentication-en).",
								"type": "string",
								"enabled": true
							},
							{
								"key": "x-sandbox-name",
								"value": "{{SANDBOX_NAME}}",
								"description": "All resources in Experience Platform are isolated to specific virtual sandboxes. Requests to Platform APIs require a header that specifies the name of the sandbox in which the operation will take place. See the [sandboxes overview](https://adobe.com/go/sandbox-overview-en) for more information.",
								"type": "string",
								"enabled": true
							}
						],
						"body": {
							"mode": "formdata",
							"formdata": []
						},
						"url": {
							"raw": "https://platform.adobe.io/data/foundation/conversion/mappingSets/:MAPPING_SET_ID?expandSchema=false&version=0",
							"protocol": "https",
							"host": [
								"platform",
								"adobe",
								"io"
							],
							"path": [
								"data",
								"foundation",
								"conversion",
								"mappingSets",
								":MAPPING_SET_ID"
							],
							"query": [
								{
									"key": "expandSchema",
									"value": "false"
								},
								{
									"key": "version",
									"value": "0"
								}
							],
							"variable": [
								{
									"value": "{{MAPPING_SET_ID}}",
									"id": "MAPPING_SET_ID"
								}
							]
						}
					},
					"response": []
				},
				{
					"name": "Update a mapping set",
					"event": [
						{
							"listen": "prerequest",
							"script": {
								"type": "text/javascript",
								"exec": [
									"/** Begin Adobe-provided Pre-Request Scripts **/",
									"// Do not send HTTP Headers with empty variables, as Postman will send the literal variable name",
									"pm.request.headers.each(header => {",
									"    if (header.value.startsWith(\"{{\") && header.value.endsWith(\"}}\")) {",
									"        if (!pm.variables.get(header.value.substring(2, header.value.length - 2))) { pm.request.headers.remove(header.key); }",
									"    }",
									"});",
									"",
									"// Do not send HTTP URL Query Parameters with empty variables, as Postman will send the literal variable name",
									"pm.request.url.query.remove(q => { ",
									"    if (q.value.startsWith(\"{{\") && q.value.endsWith(\"}}\")) {",
									"        return !pm.variables.get(q.value.substring(2, q.value.length - 2));",
									"    } ",
									"});",
									"/** End Adobe-provided Pre-Request Scripts **/"
								]
							}
						}
					],
					"_postman_id": "475b2d97-47e6-577a-ba1b-bad951601dcb",
					"request": {
						"method": "PUT",
						"header": [
							{
								"key": "Accept",
								"value": "application/json"
							},
							{
								"key": "Content-Type",
								"value": "application/json"
							},
							{
								"key": "Authorization",
								"value": "Bearer {{ACCESS_TOKEN}}",
								"description": "The access token which can be copied from your Experience Platform integration, prefixed with \"Bearer \". For more information on how to obtain this value, visit the [authentication tutorial](http://www.adobe.com/go/platform-api-authentication-en).",
								"type": "string",
								"enabled": true
							},
							{
								"key": "x-api-key",
								"value": "{{API_KEY}}",
								"description": "The API key which can be copied from your Experience Platform integration. For more information on how to obtain this value, visit the [authentication tutorial](http://www.adobe.com/go/platform-api-authentication-en).",
								"type": "string",
								"enabled": true
							},
							{
								"key": "x-gw-ims-org-id",
								"value": "{{IMS_ORG}}",
								"description": "The IMS Organization ID which can be copied from your Experience Platform integration. For more information on how to obtain this value, visit the [authentication tutorial](http://www.adobe.com/go/platform-api-authentication-en).",
								"type": "string",
								"enabled": true
							},
							{
								"key": "x-sandbox-name",
								"value": "{{SANDBOX_NAME}}",
								"description": "All resources in Experience Platform are isolated to specific virtual sandboxes. Requests to Platform APIs require a header that specifies the name of the sandbox in which the operation will take place. See the [sandboxes overview](https://adobe.com/go/sandbox-overview-en) for more information.",
								"type": "string",
								"enabled": true
							}
						],
						"body": {
							"mode": "raw",
							"raw": "{{body}}"
						},
						"url": {
							"raw": "https://platform.adobe.io/data/foundation/conversion/mappingSets/:MAPPING_SET_ID",
							"protocol": "https",
							"host": [
								"platform",
								"adobe",
								"io"
							],
							"path": [
								"data",
								"foundation",
								"conversion",
								"mappingSets",
								":MAPPING_SET_ID"
							],
							"variable": [
								{
									"value": "{{MAPPING_SET_ID}}",
									"id": "MAPPING_SET_ID"
								}
							]
						}
					},
					"response": []
				},
				{
					"name": "Retrieve a list of mappings for a specified mapping set",
					"event": [
						{
							"listen": "prerequest",
							"script": {
								"type": "text/javascript",
								"exec": [
									"/** Begin Adobe-provided Pre-Request Scripts **/",
									"// Do not send HTTP Headers with empty variables, as Postman will send the literal variable name",
									"pm.request.headers.each(header => {",
									"    if (header.value.startsWith(\"{{\") && header.value.endsWith(\"}}\")) {",
									"        if (!pm.variables.get(header.value.substring(2, header.value.length - 2))) { pm.request.headers.remove(header.key); }",
									"    }",
									"});",
									"",
									"// Do not send HTTP URL Query Parameters with empty variables, as Postman will send the literal variable name",
									"pm.request.url.query.remove(q => { ",
									"    if (q.value.startsWith(\"{{\") && q.value.endsWith(\"}}\")) {",
									"        return !pm.variables.get(q.value.substring(2, q.value.length - 2));",
									"    } ",
									"});",
									"/** End Adobe-provided Pre-Request Scripts **/"
								]
							}
						}
					],
					"_postman_id": "834d8fdb-26f0-5bcd-95fe-a368d3b310ec",
					"request": {
						"method": "GET",
						"header": [
							{
								"key": "Accept",
								"value": "application/json"
							},
							{
								"key": "Authorization",
								"value": "Bearer {{ACCESS_TOKEN}}",
								"description": "The access token which can be copied from your Experience Platform integration, prefixed with \"Bearer \". For more information on how to obtain this value, visit the [authentication tutorial](http://www.adobe.com/go/platform-api-authentication-en).",
								"type": "string",
								"enabled": true
							},
							{
								"key": "x-api-key",
								"value": "{{API_KEY}}",
								"description": "The API key which can be copied from your Experience Platform integration. For more information on how to obtain this value, visit the [authentication tutorial](http://www.adobe.com/go/platform-api-authentication-en).",
								"type": "string",
								"enabled": true
							},
							{
								"key": "x-gw-ims-org-id",
								"value": "{{IMS_ORG}}",
								"description": "The IMS Organization ID which can be copied from your Experience Platform integration. For more information on how to obtain this value, visit the [authentication tutorial](http://www.adobe.com/go/platform-api-authentication-en).",
								"type": "string",
								"enabled": true
							},
							{
								"key": "x-sandbox-name",
								"value": "{{SANDBOX_NAME}}",
								"description": "All resources in Experience Platform are isolated to specific virtual sandboxes. Requests to Platform APIs require a header that specifies the name of the sandbox in which the operation will take place. See the [sandboxes overview](https://adobe.com/go/sandbox-overview-en) for more information.",
								"type": "string",
								"enabled": true
							}
						],
						"body": {
							"mode": "formdata",
							"formdata": []
						},
						"url": {
							"raw": "https://platform.adobe.io/data/foundation/conversion/mappingSets/:MAPPING_SET_ID/mappings",
							"protocol": "https",
							"host": [
								"platform",
								"adobe",
								"io"
							],
							"path": [
								"data",
								"foundation",
								"conversion",
								"mappingSets",
								":MAPPING_SET_ID",
								"mappings"
							],
							"variable": [
								{
									"value": "{{MAPPING_SET_ID}}",
									"id": "MAPPING_SET_ID"
								}
							]
						}
					},
					"response": []
				},
				{
					"name": "Retrieve a mapping from a specified mapping set",
					"event": [
						{
							"listen": "prerequest",
							"script": {
								"type": "text/javascript",
								"exec": [
									"/** Begin Adobe-provided Pre-Request Scripts **/",
									"// Do not send HTTP Headers with empty variables, as Postman will send the literal variable name",
									"pm.request.headers.each(header => {",
									"    if (header.value.startsWith(\"{{\") && header.value.endsWith(\"}}\")) {",
									"        if (!pm.variables.get(header.value.substring(2, header.value.length - 2))) { pm.request.headers.remove(header.key); }",
									"    }",
									"});",
									"",
									"// Do not send HTTP URL Query Parameters with empty variables, as Postman will send the literal variable name",
									"pm.request.url.query.remove(q => { ",
									"    if (q.value.startsWith(\"{{\") && q.value.endsWith(\"}}\")) {",
									"        return !pm.variables.get(q.value.substring(2, q.value.length - 2));",
									"    } ",
									"});",
									"/** End Adobe-provided Pre-Request Scripts **/"
								]
							}
						}
					],
					"_postman_id": "54a860e6-20e9-570c-b28d-a997525e398c",
					"request": {
						"method": "GET",
						"header": [
							{
								"key": "Accept",
								"value": "application/json"
							},
							{
								"key": "Authorization",
								"value": "Bearer {{ACCESS_TOKEN}}",
								"description": "The access token which can be copied from your Experience Platform integration, prefixed with \"Bearer \". For more information on how to obtain this value, visit the [authentication tutorial](http://www.adobe.com/go/platform-api-authentication-en).",
								"type": "string",
								"enabled": true
							},
							{
								"key": "x-api-key",
								"value": "{{API_KEY}}",
								"description": "The API key which can be copied from your Experience Platform integration. For more information on how to obtain this value, visit the [authentication tutorial](http://www.adobe.com/go/platform-api-authentication-en).",
								"type": "string",
								"enabled": true
							},
							{
								"key": "x-gw-ims-org-id",
								"value": "{{IMS_ORG}}",
								"description": "The IMS Organization ID which can be copied from your Experience Platform integration. For more information on how to obtain this value, visit the [authentication tutorial](http://www.adobe.com/go/platform-api-authentication-en).",
								"type": "string",
								"enabled": true
							},
							{
								"key": "x-sandbox-name",
								"value": "{{SANDBOX_NAME}}",
								"description": "All resources in Experience Platform are isolated to specific virtual sandboxes. Requests to Platform APIs require a header that specifies the name of the sandbox in which the operation will take place. See the [sandboxes overview](https://adobe.com/go/sandbox-overview-en) for more information.",
								"type": "string",
								"enabled": true
							}
						],
						"body": {
							"mode": "formdata",
							"formdata": []
						},
						"url": {
							"raw": "https://platform.adobe.io/data/foundation/conversion/mappingSets/:MAPPING_SET_ID/mappings/:MAPPING_ID",
							"protocol": "https",
							"host": [
								"platform",
								"adobe",
								"io"
							],
							"path": [
								"data",
								"foundation",
								"conversion",
								"mappingSets",
								":MAPPING_SET_ID",
								"mappings",
								":MAPPING_ID"
							],
							"variable": [
								{
									"value": "{{MAPPING_SET_ID}}",
									"id": "MAPPING_SET_ID"
								},
								{
									"value": "{{MAPPING_ID}}",
									"id": "MAPPING_ID"
								}
							]
						}
					},
					"response": []
				}
			],
			"_postman_id": "f8fe5080-e1b2-53b8-8c43-8737eb42ad68",
			"description": "Mapping sets can be used to define how data in a source schema maps to that of a destination schema."
		}
	]
}