{
	"info": {
		"_postman_id": "31edca32-e0fc-549b-9c2d-521ffef67f7c",
		"name": "Data Access API",
		"description": "\nData Access facilitates the access and egress of data within Adobe Experience Platform. This includes, but not limited to, the following operations:\n  * Access and download dataset files under a batch\n  * Retrieve header information regarding files\n  * Parallel / resumable downloads using HTTP range headers\n  * Pagination support for directory listings\n  * List dataset files under a succeeded/failed batch\n  * Preview CSV and Parquet files\n\n\nRelated documentation:\n  * [Data Access technical overview](https://www.adobe.io/apis/cloudplatform/dataservices/services/allservices.html#!api-specification/markdown/narrative/technical_overview/data_access_architectural_overview/data_access_architectural_overview.md)\n  * [Query dataset data using the Data Access API](https://www.adobe.io/apis/experienceplatform/home/tutorials/alltutorials.html#!api-specification/markdown/narrative/tutorials/data_access_tutorial/data_access_tutorial.md)\n\nVisualize API calls with Postman (a free, third-party software):\n  * [Data Access API Postman collection on GitHub](https://github.com/adobe/experience-platform-postman-samples/blob/master/apis/experience-platform/Data%20Access%20Service%20API.postman_collection.json)\n  * [Video guide for creating the Postman environment](https://video.tv.adobe.com/v/28832)\n  * [Steps for importing environments and collections in Postman](https://learning.getpostman.com/docs/postman/collection_runs/using_environments_in_collection_runs/)\n\nAPI paths:\n  * PLATFORM Gateway URL: https://<span>platform.adobe.io/\n  * Base path for this API: /data/foundation/export\n  * Example of a complete path: https://<span>platform.adobe.io/data/foundation/export/batches/{batchId}/files\n\nRequired headers:\n  * All calls require the headers `Authorization`, `x-gw-ims-org-id`, and `x-api-key`. For more information on how to obtain these values, see the [authentication tutorial](https://www.adobe.io/apis/experienceplatform/home/tutorials/alltutorials.html#!api-specification/markdown/narrative/tutorials/authenticate_to_acp_tutorial/authenticate_to_acp_tutorial.md).\n  * All resources in Experience Platform are isolated to specific virtual sandboxes. All requests to Platform APIs require the header `x-sandbox-name` whose value is the all-lowercase name of the sandbox the operation will take place in (for example, \"prod\"). See the [sandboxes overview](https://www.adobe.io/apis/experienceplatform/home/permissions-and-sandboxes/permissions-and-sandboxes.html#!api-specification/markdown/narrative/technical_overview/sandboxes/sandboxes-overview.md) for more information.\n  * All requests with a payload in the request body (such as POST, PUT, and PATCH calls) must include the header `Content-Type` with a value of `application/json`.",
		"schema": "https://schema.getpostman.com/json/collection/v2.1.0/collection.json"
	},
	"item": [
		{
			"name": "Data Access",
			"item": [
				{
					"name": "Get dataset files under a batch.",
					"event": [
						{
							"listen": "prerequest",
							"script": {
								"type": "text/javascript",
								"exec": [
									"/** Begin Adobe-provided Pre-Request Scripts **/",
									"// Do not send HTTP Headers with empty variables, as Postman will send the literal variable name",
									"pm.request.headers.each(header => {",
									"    if (header.value.startsWith(\"{{\") && header.value.endsWith(\"}}\")) {",
									"        if (!pm.variables.get(header.value.substring(2, header.value.length - 2))) { pm.request.headers.remove(header.key); }",
									"    }",
									"});",
									"",
									"// Do not send HTTP URL Query Parameters with empty variables, as Postman will send the literal variable name",
									"pm.request.url.query.remove(q => { ",
									"    if (q.value.startsWith(\"{{\") && q.value.endsWith(\"}}\")) {",
									"        return !pm.variables.get(q.value.substring(2, q.value.length - 2));",
									"    } ",
									"});",
									"/** End Adobe-provided Pre-Request Scripts **/"
								]
							}
						}
					],
					"_postman_id": "3fad1dce-1d65-5b3b-966b-0d04a3f43bd8",
					"request": {
						"method": "GET",
						"header": [
							{
								"key": "Accept",
								"value": "application/json"
							},
							{
								"key": "Authorization",
								"value": "Bearer {{ACCESS_TOKEN}}",
								"description": "The access token which can be copied from your Experience Platform integration, prefixed with \"Bearer \". For more information on how to obtain this value, see the [Authentication Tutorial](https://www.adobe.io/apis/experienceplatform/home/tutorials/alltutorials.html#!api-specification/markdown/narrative/tutorials/authenticate_to_acp_tutorial/authenticate_to_acp_tutorial.md).",
								"type": "string",
								"enabled": true
							},
							{
								"key": "x-api-key",
								"value": "{{API_KEY}}",
								"description": "The Organization ID which can be copied from your Experience Platform integration. For more information on how to obtain this value, see the [Authentication Tutorial](https://www.adobe.io/apis/experienceplatform/home/tutorials/alltutorials.html#!api-specification/markdown/narrative/tutorials/authenticate_to_acp_tutorial/authenticate_to_acp_tutorial.md).",
								"type": "string",
								"enabled": true
							},
							{
								"key": "x-gw-ims-org-id",
								"value": "{{IMS_ORG}}",
								"description": "The Organization ID which can be copied from your Experience Platform integration. For more information on how to obtain this value, see the [Authentication Tutorial](https://www.adobe.io/apis/experienceplatform/home/tutorials/alltutorials.html#!api-specification/markdown/narrative/tutorials/authenticate_to_acp_tutorial/authenticate_to_acp_tutorial.md).",
								"type": "string",
								"enabled": true
							},
							{
								"key": "x-sandbox-name",
								"value": "{{SANDBOX_NAME}}",
								"description": "The name of the sandbox in which the operation will take place. See the [sandboxes overview documentation](https://www.adobe.io/apis/experienceplatform/home/permissions-and-sandboxes/permissions-and-sandboxes.html#!api-specification/markdown/narrative/technical_overview/sandboxes/sandboxes-overview.md) for more information.",
								"type": "string",
								"enabled": true
							}
						],
						"body": {
							"mode": "formdata",
							"formdata": []
						},
						"url": {
							"raw": "https://platform.adobe.io/data/foundation/export/batches/:batchId/files?start={{start}}&limit={{limit}}",
							"protocol": "https",
							"host": [
								"platform",
								"adobe",
								"io"
							],
							"path": [
								"data",
								"foundation",
								"export",
								"batches",
								":batchId",
								"files"
							],
							"query": [
								{
									"key": "start",
									"value": "{{start}}"
								},
								{
									"key": "limit",
									"value": "{{limit}}"
								}
							],
							"variable": [
								{
									"value": "{{batchId}}",
									"id": "batchId"
								}
							]
						},
						"description": "List all dataset files under a batch."
					},
					"response": []
				},
				{
					"name": "Get dataset files under a failed batch.",
					"event": [
						{
							"listen": "prerequest",
							"script": {
								"type": "text/javascript",
								"exec": [
									"/** Begin Adobe-provided Pre-Request Scripts **/",
									"// Do not send HTTP Headers with empty variables, as Postman will send the literal variable name",
									"pm.request.headers.each(header => {",
									"    if (header.value.startsWith(\"{{\") && header.value.endsWith(\"}}\")) {",
									"        if (!pm.variables.get(header.value.substring(2, header.value.length - 2))) { pm.request.headers.remove(header.key); }",
									"    }",
									"});",
									"",
									"// Do not send HTTP URL Query Parameters with empty variables, as Postman will send the literal variable name",
									"pm.request.url.query.remove(q => { ",
									"    if (q.value.startsWith(\"{{\") && q.value.endsWith(\"}}\")) {",
									"        return !pm.variables.get(q.value.substring(2, q.value.length - 2));",
									"    } ",
									"});",
									"/** End Adobe-provided Pre-Request Scripts **/"
								]
							}
						}
					],
					"_postman_id": "dc6718c1-25df-5da2-8845-b3b6feaedf30",
					"request": {
						"method": "GET",
						"header": [
							{
								"key": "Accept",
								"value": "application/json"
							},
							{
								"key": "Authorization",
								"value": "Bearer {{ACCESS_TOKEN}}",
								"description": "The access token which can be copied from your Experience Platform integration, prefixed with \"Bearer \". For more information on how to obtain this value, see the [Authentication Tutorial](https://www.adobe.io/apis/experienceplatform/home/tutorials/alltutorials.html#!api-specification/markdown/narrative/tutorials/authenticate_to_acp_tutorial/authenticate_to_acp_tutorial.md).",
								"type": "string",
								"enabled": true
							},
							{
								"key": "x-api-key",
								"value": "{{API_KEY}}",
								"description": "The Organization ID which can be copied from your Experience Platform integration. For more information on how to obtain this value, see the [Authentication Tutorial](https://www.adobe.io/apis/experienceplatform/home/tutorials/alltutorials.html#!api-specification/markdown/narrative/tutorials/authenticate_to_acp_tutorial/authenticate_to_acp_tutorial.md).",
								"type": "string",
								"enabled": true
							},
							{
								"key": "x-gw-ims-org-id",
								"value": "{{IMS_ORG}}",
								"description": "The Organization ID which can be copied from your Experience Platform integration. For more information on how to obtain this value, see the [Authentication Tutorial](https://www.adobe.io/apis/experienceplatform/home/tutorials/alltutorials.html#!api-specification/markdown/narrative/tutorials/authenticate_to_acp_tutorial/authenticate_to_acp_tutorial.md).",
								"type": "string",
								"enabled": true
							},
							{
								"key": "x-sandbox-name",
								"value": "{{SANDBOX_NAME}}",
								"description": "The name of the sandbox in which the operation will take place. See the [sandboxes overview documentation](https://www.adobe.io/apis/experienceplatform/home/permissions-and-sandboxes/permissions-and-sandboxes.html#!api-specification/markdown/narrative/technical_overview/sandboxes/sandboxes-overview.md) for more information.",
								"type": "string",
								"enabled": true
							}
						],
						"body": {
							"mode": "formdata",
							"formdata": []
						},
						"url": {
							"raw": "https://platform.adobe.io/data/foundation/export/batches/:batchId/failed?start={{start}}&limit={{limit}}&path={{path}}",
							"protocol": "https",
							"host": [
								"platform",
								"adobe",
								"io"
							],
							"path": [
								"data",
								"foundation",
								"export",
								"batches",
								":batchId",
								"failed"
							],
							"query": [
								{
									"key": "start",
									"value": "{{start}}"
								},
								{
									"key": "limit",
									"value": "{{limit}}"
								},
								{
									"key": "path",
									"value": "{{path}}"
								}
							],
							"variable": [
								{
									"value": "{{batchId}}",
									"id": "batchId"
								}
							]
						},
						"description": "List all files under failed batch"
					},
					"response": []
				}
			],
			"_postman_id": "872c2c66-0d9f-54a4-b4e9-b68a1f3d1a80",
			"description": "Configure data access and egress for Experience Platform."
		},
		{
			"name": "Files",
			"item": [
				{
					"name": "Access / download a file.",
					"event": [
						{
							"listen": "prerequest",
							"script": {
								"type": "text/javascript",
								"exec": [
									"/** Begin Adobe-provided Pre-Request Scripts **/",
									"// Do not send HTTP Headers with empty variables, as Postman will send the literal variable name",
									"pm.request.headers.each(header => {",
									"    if (header.value.startsWith(\"{{\") && header.value.endsWith(\"}}\")) {",
									"        if (!pm.variables.get(header.value.substring(2, header.value.length - 2))) { pm.request.headers.remove(header.key); }",
									"    }",
									"});",
									"",
									"// Do not send HTTP URL Query Parameters with empty variables, as Postman will send the literal variable name",
									"pm.request.url.query.remove(q => { ",
									"    if (q.value.startsWith(\"{{\") && q.value.endsWith(\"}}\")) {",
									"        return !pm.variables.get(q.value.substring(2, q.value.length - 2));",
									"    } ",
									"});",
									"/** End Adobe-provided Pre-Request Scripts **/"
								]
							}
						}
					],
					"_postman_id": "10693311-0850-5fd2-8357-4cd9fa807990",
					"request": {
						"method": "GET",
						"header": [
							{
								"key": "Accept",
								"value": "application/json, application/octet-stream"
							},
							{
								"key": "Authorization",
								"value": "Bearer {{ACCESS_TOKEN}}",
								"description": "The access token which can be copied from your Experience Platform integration, prefixed with \"Bearer \". For more information on how to obtain this value, see the [Authentication Tutorial](https://www.adobe.io/apis/experienceplatform/home/tutorials/alltutorials.html#!api-specification/markdown/narrative/tutorials/authenticate_to_acp_tutorial/authenticate_to_acp_tutorial.md).",
								"type": "string",
								"enabled": true
							},
							{
								"key": "x-api-key",
								"value": "{{API_KEY}}",
								"description": "The Organization ID which can be copied from your Experience Platform integration. For more information on how to obtain this value, see the [Authentication Tutorial](https://www.adobe.io/apis/experienceplatform/home/tutorials/alltutorials.html#!api-specification/markdown/narrative/tutorials/authenticate_to_acp_tutorial/authenticate_to_acp_tutorial.md).",
								"type": "string",
								"enabled": true
							},
							{
								"key": "x-gw-ims-org-id",
								"value": "{{IMS_ORG}}",
								"description": "The Organization ID which can be copied from your Experience Platform integration. For more information on how to obtain this value, see the [Authentication Tutorial](https://www.adobe.io/apis/experienceplatform/home/tutorials/alltutorials.html#!api-specification/markdown/narrative/tutorials/authenticate_to_acp_tutorial/authenticate_to_acp_tutorial.md).",
								"type": "string",
								"enabled": true
							},
							{
								"key": "x-sandbox-name",
								"value": "{{SANDBOX_NAME}}",
								"description": "The name of the sandbox in which the operation will take place. See the [sandboxes overview documentation](https://www.adobe.io/apis/experienceplatform/home/permissions-and-sandboxes/permissions-and-sandboxes.html#!api-specification/markdown/narrative/technical_overview/sandboxes/sandboxes-overview.md) for more information.",
								"type": "string",
								"enabled": true
							},
							{
								"key": "Range",
								"value": "{{Range}}",
								"description": "Range of bytes requested. E.g, Range: bytes=0-100000",
								"type": "string",
								"enabled": true
							}
						],
						"body": {
							"mode": "formdata",
							"formdata": []
						},
						"url": {
							"raw": "https://platform.adobe.io/data/foundation/export/files/:dataSetFileId?start={{start}}&limit={{limit}}&path={{path}}",
							"protocol": "https",
							"host": [
								"platform",
								"adobe",
								"io"
							],
							"path": [
								"data",
								"foundation",
								"export",
								"files",
								":dataSetFileId"
							],
							"query": [
								{
									"key": "start",
									"value": "{{start}}"
								},
								{
									"key": "limit",
									"value": "{{limit}}"
								},
								{
									"key": "path",
									"value": "{{path}}"
								}
							],
							"variable": [
								{
									"value": "{{dataSetFileId}}",
									"id": "dataSetFileId"
								}
							]
						},
						"description": "Returns either a complete file, or a directory of chunked data that make up the file. The response contains a data array that may contain a single entry, or a list of files belonging to that directory.\n"
					},
					"response": []
				},
				{
					"name": "Get headers regarding a file.",
					"event": [
						{
							"listen": "prerequest",
							"script": {
								"type": "text/javascript",
								"exec": [
									"/** Begin Adobe-provided Pre-Request Scripts **/",
									"// Do not send HTTP Headers with empty variables, as Postman will send the literal variable name",
									"pm.request.headers.each(header => {",
									"    if (header.value.startsWith(\"{{\") && header.value.endsWith(\"}}\")) {",
									"        if (!pm.variables.get(header.value.substring(2, header.value.length - 2))) { pm.request.headers.remove(header.key); }",
									"    }",
									"});",
									"",
									"// Do not send HTTP URL Query Parameters with empty variables, as Postman will send the literal variable name",
									"pm.request.url.query.remove(q => { ",
									"    if (q.value.startsWith(\"{{\") && q.value.endsWith(\"}}\")) {",
									"        return !pm.variables.get(q.value.substring(2, q.value.length - 2));",
									"    } ",
									"});",
									"/** End Adobe-provided Pre-Request Scripts **/"
								]
							}
						}
					],
					"_postman_id": "956b1e44-49bf-5c7a-856d-2c5ab9dadba2",
					"request": {
						"method": "HEAD",
						"header": [
							{
								"key": "Authorization",
								"value": "Bearer {{ACCESS_TOKEN}}",
								"description": "The access token which can be copied from your Experience Platform integration, prefixed with \"Bearer \". For more information on how to obtain this value, see the [Authentication Tutorial](https://www.adobe.io/apis/experienceplatform/home/tutorials/alltutorials.html#!api-specification/markdown/narrative/tutorials/authenticate_to_acp_tutorial/authenticate_to_acp_tutorial.md).",
								"type": "string",
								"enabled": true
							},
							{
								"key": "x-api-key",
								"value": "{{API_KEY}}",
								"description": "The Organization ID which can be copied from your Experience Platform integration. For more information on how to obtain this value, see the [Authentication Tutorial](https://www.adobe.io/apis/experienceplatform/home/tutorials/alltutorials.html#!api-specification/markdown/narrative/tutorials/authenticate_to_acp_tutorial/authenticate_to_acp_tutorial.md).",
								"type": "string",
								"enabled": true
							},
							{
								"key": "x-gw-ims-org-id",
								"value": "{{IMS_ORG}}",
								"description": "The Organization ID which can be copied from your Experience Platform integration. For more information on how to obtain this value, see the [Authentication Tutorial](https://www.adobe.io/apis/experienceplatform/home/tutorials/alltutorials.html#!api-specification/markdown/narrative/tutorials/authenticate_to_acp_tutorial/authenticate_to_acp_tutorial.md).",
								"type": "string",
								"enabled": true
							},
							{
								"key": "x-sandbox-name",
								"value": "{{SANDBOX_NAME}}",
								"description": "The name of the sandbox in which the operation will take place. See the [sandboxes overview documentation](https://www.adobe.io/apis/experienceplatform/home/permissions-and-sandboxes/permissions-and-sandboxes.html#!api-specification/markdown/narrative/technical_overview/sandboxes/sandboxes-overview.md) for more information.",
								"type": "string",
								"enabled": true
							}
						],
						"body": {
							"mode": "formdata",
							"formdata": []
						},
						"url": {
							"raw": "https://platform.adobe.io/data/foundation/export/files/:dataSetFileId?path={{path}}",
							"protocol": "https",
							"host": [
								"platform",
								"adobe",
								"io"
							],
							"path": [
								"data",
								"foundation",
								"export",
								"files",
								":dataSetFileId"
							],
							"query": [
								{
									"key": "path",
									"value": "{{path}}"
								}
							],
							"variable": [
								{
									"value": "{{dataSetFileId}}",
									"id": "dataSetFileId"
								}
							]
						},
						"description": "Retrieves headers in response with a file's metadata. The response header will indicate information regarding the specified file."
					},
					"response": []
				}
			],
			"_postman_id": "c2e18d6e-eb19-54a0-a7fe-99b1d31ead91",
			"description": "Retrieve headers containing metadata for a file specified by ID."
		},
		{
			"name": "Preview",
			"item": [
				{
					"name": "Preview files.",
					"event": [
						{
							"listen": "prerequest",
							"script": {
								"type": "text/javascript",
								"exec": [
									"/** Begin Adobe-provided Pre-Request Scripts **/",
									"// Do not send HTTP Headers with empty variables, as Postman will send the literal variable name",
									"pm.request.headers.each(header => {",
									"    if (header.value.startsWith(\"{{\") && header.value.endsWith(\"}}\")) {",
									"        if (!pm.variables.get(header.value.substring(2, header.value.length - 2))) { pm.request.headers.remove(header.key); }",
									"    }",
									"});",
									"",
									"// Do not send HTTP URL Query Parameters with empty variables, as Postman will send the literal variable name",
									"pm.request.url.query.remove(q => { ",
									"    if (q.value.startsWith(\"{{\") && q.value.endsWith(\"}}\")) {",
									"        return !pm.variables.get(q.value.substring(2, q.value.length - 2));",
									"    } ",
									"});",
									"/** End Adobe-provided Pre-Request Scripts **/"
								]
							}
						}
					],
					"_postman_id": "8e28133f-2dca-5e15-8c40-328c0a9060f4",
					"request": {
						"method": "GET",
						"header": [
							{
								"key": "Accept",
								"value": "application/json"
							},
							{
								"key": "Authorization",
								"value": "Bearer {{ACCESS_TOKEN}}",
								"description": "The access token which can be copied from your Experience Platform integration, prefixed with \"Bearer \". For more information on how to obtain this value, see the [Authentication Tutorial](https://www.adobe.io/apis/experienceplatform/home/tutorials/alltutorials.html#!api-specification/markdown/narrative/tutorials/authenticate_to_acp_tutorial/authenticate_to_acp_tutorial.md).",
								"type": "string",
								"enabled": true
							},
							{
								"key": "x-api-key",
								"value": "{{API_KEY}}",
								"description": "The Organization ID which can be copied from your Experience Platform integration. For more information on how to obtain this value, see the [Authentication Tutorial](https://www.adobe.io/apis/experienceplatform/home/tutorials/alltutorials.html#!api-specification/markdown/narrative/tutorials/authenticate_to_acp_tutorial/authenticate_to_acp_tutorial.md).",
								"type": "string",
								"enabled": true
							},
							{
								"key": "x-gw-ims-org-id",
								"value": "{{IMS_ORG}}",
								"description": "The Organization ID which can be copied from your Experience Platform integration. For more information on how to obtain this value, see the [Authentication Tutorial](https://www.adobe.io/apis/experienceplatform/home/tutorials/alltutorials.html#!api-specification/markdown/narrative/tutorials/authenticate_to_acp_tutorial/authenticate_to_acp_tutorial.md).",
								"type": "string",
								"enabled": true
							},
							{
								"key": "x-sandbox-name",
								"value": "{{SANDBOX_NAME}}",
								"description": "The name of the sandbox in which the operation will take place. See the [sandboxes overview documentation](https://www.adobe.io/apis/experienceplatform/home/permissions-and-sandboxes/permissions-and-sandboxes.html#!api-specification/markdown/narrative/technical_overview/sandboxes/sandboxes-overview.md) for more information.",
								"type": "string",
								"enabled": true
							}
						],
						"body": {
							"mode": "formdata",
							"formdata": []
						},
						"url": {
							"raw": "https://platform.adobe.io/data/foundation/export/datasets/:id/preview",
							"protocol": "https",
							"host": [
								"platform",
								"adobe",
								"io"
							],
							"path": [
								"data",
								"foundation",
								"export",
								"datasets",
								":id",
								"preview"
							],
							"variable": [
								{
									"value": "{{id}}",
									"id": "id"
								}
							]
						},
						"description": "Preview the first 100 rows of CSV or Parquet files"
					},
					"response": []
				}
			],
			"_postman_id": "10f52a20-9fb8-562e-a789-c89b8eb0a107",
			"description": "Retrieve the first 100 rows of CSV or Parquet files."
		}
	]
}