{
	"info": {
		"_postman_id": "846c110f-9f29-59df-86a9-577da6974451",
		"name": "Sandbox API",
		"description": "Adobe Experience Platform provides virtual sandbox environments which provide isolation and access control for Platform integrations. Sandboxes can be used for application lifecycle management, project management, and building customized development ecosystems.\n\nAPI paths:\n  * PLATFORM Gateway URL: https://<span>platform.adobe.io/\n  * Base path for this API: /data/foundation/sandbox-management\n  * Example of a complete path: https://<span>platform.adobe.io/data/foundation/sandbox-management/sandboxes\n\nRequired headers:\n  * All service calls require the headers `Authorization`, `x-gw-ims-org-id`, and `x-api-key`. For more information on how to obtain these, see the <a href=\"https://www.adobe.io/apis/experienceplatform/home/tutorials/alltutorials.html#!api-specification/markdown/narrative/tutorials/authenticate_to_acp_tutorial/authenticate_to_acp_tutorial.md\">authentication tutorial</a>.\n  * All resources in Experience Platform are isolated to specific virtual sandboxes. All requests to Platform APIs require the header `x-sandbox-name` whose value is the all-lowercase name of the sandbox the operation will take place in (for example, \"prod\"). See the [sandboxes overview](https://www.adobe.io/apis/experienceplatform/home/permissions-and-sandboxes/permissions-and-sandboxes.html#!api-specification/markdown/narrative/technical_overview/sandboxes/sandboxes-overview.md) for more information.\n  * All requests with a payload in the request body (such as POST, PUT, and PATCH calls) must include the header `Content-Type` with a value of `application/json`.",
		"schema": "https://schema.getpostman.com/json/collection/v2.1.0/collection.json"
	},
	"item": [
		{
			"name": "User operations",
			"item": [
				{
					"name": "Retrieve a list of active sandboxes for the current user.",
					"event": [
						{
							"listen": "prerequest",
							"script": {
								"type": "text/javascript",
								"exec": [
									"/** Begin Adobe-provided Pre-Request Scripts **/",
									"// Do not send HTTP Headers with empty variables, as Postman will send the literal variable name",
									"pm.request.headers.each(header => {",
									"    if (header.value.startsWith(\"{{\") && header.value.endsWith(\"}}\")) {",
									"        if (!pm.variables.get(header.value.substring(2, header.value.length - 2))) { pm.request.headers.remove(header.key); }",
									"    }",
									"});",
									"",
									"// Do not send HTTP URL Query Parameters with empty variables, as Postman will send the literal variable name",
									"pm.request.url.query.remove(q => { ",
									"    if (q.value.startsWith(\"{{\") && q.value.endsWith(\"}}\")) {",
									"        return !pm.variables.get(q.value.substring(2, q.value.length - 2));",
									"    } ",
									"});",
									"/** End Adobe-provided Pre-Request Scripts **/"
								]
							}
						}
					],
					"_postman_id": "c0257e40-a836-5fbb-a353-152b4b808f33",
					"request": {
						"method": "GET",
						"header": [
							{
								"key": "Accept",
								"value": "application/json"
							},
							{
								"key": "Authorization",
								"value": "Bearer {{ACCESS_TOKEN}}",
								"description": "The access token which can be copied from your Experience Platform integration, prefixed with \"Bearer\". For more information on how to obtain this value, visit the <a href=\"https://www.adobe.io/apis/experienceplatform/home/tutorials/alltutorials.html#!api-specification/markdown/narrative/tutorials/authenticate_to_acp_tutorial/authenticate_to_acp_tutorial.md\">authentication tutorial</a>.",
								"type": "string",
								"enabled": true
							},
							{
								"key": "x-api-key",
								"value": "{{API_KEY}}",
								"description": "The API key which can be copied from your Experience Platform integration, prefixed with \"Bearer\". For more information on how to obtain this value, visit the <a href=\"https://www.adobe.io/apis/experienceplatform/home/tutorials/alltutorials.html#!api-specification/markdown/narrative/tutorials/authenticate_to_acp_tutorial/authenticate_to_acp_tutorial.md\">authentication tutorial</a>.",
								"type": "string",
								"enabled": true
							},
							{
								"key": "x-gw-ims-org-id",
								"value": "{{IMS_ORG}}",
								"description": "The access token which can be copied from your Experience Platform integration, prefixed with \"Bearer\". For more information on how to obtain this value, visit the <a href=\"https://www.adobe.io/apis/experienceplatform/home/tutorials/alltutorials.html#!api-specification/markdown/narrative/tutorials/authenticate_to_acp_tutorial/authenticate_to_acp_tutorial.md\">authentication tutorial</a>.",
								"type": "string",
								"enabled": true
							},
							{
								"key": "x-sandbox-name",
								"value": "{{SANDBOX_NAME}}",
								"description": "The name of the sandbox in which the operation will take place. See the [sandboxes overview documentation](https://www.adobe.io/apis/experienceplatform/home/permissions-and-sandboxes/permissions-and-sandboxes.html#!api-specification/markdown/narrative/technical_overview/sandboxes/sandboxes-overview.md) for more information.",
								"type": "string",
								"enabled": true
							},
							{
								"key": "x-user-token",
								"value": "{{x-user-token}}",
								"description": "The access token for the current user. If present, this token is instead of the token in the Authorization header to lookup sandboxes.",
								"type": "string",
								"enabled": true
							}
						],
						"body": {
							"mode": "formdata",
							"formdata": []
						},
						"url": {
							"raw": "https://platform.adobe.io/data/foundation/sandbox-management/",
							"protocol": "https",
							"host": [
								"platform",
								"adobe",
								"io"
							],
							"path": [
								"data",
								"foundation",
								"sandbox-management",
								""
							]
						}
					},
					"response": []
				}
			],
			"_postman_id": "175eefa5-1e64-5b72-bd5a-7e1bf3a9be25",
			"description": "Sandbox operations available to all users."
		},
		{
			"name": "Admin operations",
			"item": [
				{
					"name": "Retrieve a list of supported sandbox types.",
					"event": [
						{
							"listen": "prerequest",
							"script": {
								"type": "text/javascript",
								"exec": [
									"/** Begin Adobe-provided Pre-Request Scripts **/",
									"// Do not send HTTP Headers with empty variables, as Postman will send the literal variable name",
									"pm.request.headers.each(header => {",
									"    if (header.value.startsWith(\"{{\") && header.value.endsWith(\"}}\")) {",
									"        if (!pm.variables.get(header.value.substring(2, header.value.length - 2))) { pm.request.headers.remove(header.key); }",
									"    }",
									"});",
									"",
									"// Do not send HTTP URL Query Parameters with empty variables, as Postman will send the literal variable name",
									"pm.request.url.query.remove(q => { ",
									"    if (q.value.startsWith(\"{{\") && q.value.endsWith(\"}}\")) {",
									"        return !pm.variables.get(q.value.substring(2, q.value.length - 2));",
									"    } ",
									"});",
									"/** End Adobe-provided Pre-Request Scripts **/"
								]
							}
						}
					],
					"_postman_id": "8783ad4c-c620-53bf-a5b3-f553243bd711",
					"request": {
						"method": "GET",
						"header": [
							{
								"key": "Accept",
								"value": "application/json"
							},
							{
								"key": "Authorization",
								"value": "Bearer {{ACCESS_TOKEN}}",
								"description": "The access token which can be copied from your Experience Platform integration, prefixed with \"Bearer\". For more information on how to obtain this value, visit the <a href=\"https://www.adobe.io/apis/experienceplatform/home/tutorials/alltutorials.html#!api-specification/markdown/narrative/tutorials/authenticate_to_acp_tutorial/authenticate_to_acp_tutorial.md\">authentication tutorial</a>.",
								"type": "string",
								"enabled": true
							},
							{
								"key": "x-api-key",
								"value": "{{API_KEY}}",
								"description": "The API key which can be copied from your Experience Platform integration, prefixed with \"Bearer\". For more information on how to obtain this value, visit the <a href=\"https://www.adobe.io/apis/experienceplatform/home/tutorials/alltutorials.html#!api-specification/markdown/narrative/tutorials/authenticate_to_acp_tutorial/authenticate_to_acp_tutorial.md\">authentication tutorial</a>.",
								"type": "string",
								"enabled": true
							},
							{
								"key": "x-gw-ims-org-id",
								"value": "{{IMS_ORG}}",
								"description": "The access token which can be copied from your Experience Platform integration, prefixed with \"Bearer\". For more information on how to obtain this value, visit the <a href=\"https://www.adobe.io/apis/experienceplatform/home/tutorials/alltutorials.html#!api-specification/markdown/narrative/tutorials/authenticate_to_acp_tutorial/authenticate_to_acp_tutorial.md\">authentication tutorial</a>.",
								"type": "string",
								"enabled": true
							},
							{
								"key": "x-sandbox-name",
								"value": "{{SANDBOX_NAME}}",
								"description": "The name of the sandbox in which the operation will take place. See the [sandboxes overview documentation](https://www.adobe.io/apis/experienceplatform/home/permissions-and-sandboxes/permissions-and-sandboxes.html#!api-specification/markdown/narrative/technical_overview/sandboxes/sandboxes-overview.md) for more information.",
								"type": "string",
								"enabled": true
							}
						],
						"body": {
							"mode": "formdata",
							"formdata": []
						},
						"url": {
							"raw": "https://platform.adobe.io/data/foundation/sandbox-management/sandboxTypes",
							"protocol": "https",
							"host": [
								"platform",
								"adobe",
								"io"
							],
							"path": [
								"data",
								"foundation",
								"sandbox-management",
								"sandboxTypes"
							]
						}
					},
					"response": []
				},
				{
					"name": "Retrieve a list of all sandboxes belonging to your IMS Organization.",
					"event": [
						{
							"listen": "prerequest",
							"script": {
								"type": "text/javascript",
								"exec": [
									"/** Begin Adobe-provided Pre-Request Scripts **/",
									"// Do not send HTTP Headers with empty variables, as Postman will send the literal variable name",
									"pm.request.headers.each(header => {",
									"    if (header.value.startsWith(\"{{\") && header.value.endsWith(\"}}\")) {",
									"        if (!pm.variables.get(header.value.substring(2, header.value.length - 2))) { pm.request.headers.remove(header.key); }",
									"    }",
									"});",
									"",
									"// Do not send HTTP URL Query Parameters with empty variables, as Postman will send the literal variable name",
									"pm.request.url.query.remove(q => { ",
									"    if (q.value.startsWith(\"{{\") && q.value.endsWith(\"}}\")) {",
									"        return !pm.variables.get(q.value.substring(2, q.value.length - 2));",
									"    } ",
									"});",
									"/** End Adobe-provided Pre-Request Scripts **/"
								]
							}
						}
					],
					"_postman_id": "2aaf713a-3210-5199-8182-efb766b1f56c",
					"request": {
						"method": "GET",
						"header": [
							{
								"key": "Accept",
								"value": "application/json"
							},
							{
								"key": "Content-Type",
								"value": "application/json"
							},
							{
								"key": "Authorization",
								"value": "Bearer {{ACCESS_TOKEN}}",
								"description": "The access token which can be copied from your Experience Platform integration, prefixed with \"Bearer\". For more information on how to obtain this value, visit the <a href=\"https://www.adobe.io/apis/experienceplatform/home/tutorials/alltutorials.html#!api-specification/markdown/narrative/tutorials/authenticate_to_acp_tutorial/authenticate_to_acp_tutorial.md\">authentication tutorial</a>.",
								"type": "string",
								"enabled": true
							},
							{
								"key": "x-api-key",
								"value": "{{API_KEY}}",
								"description": "The API key which can be copied from your Experience Platform integration, prefixed with \"Bearer\". For more information on how to obtain this value, visit the <a href=\"https://www.adobe.io/apis/experienceplatform/home/tutorials/alltutorials.html#!api-specification/markdown/narrative/tutorials/authenticate_to_acp_tutorial/authenticate_to_acp_tutorial.md\">authentication tutorial</a>.",
								"type": "string",
								"enabled": true
							},
							{
								"key": "x-gw-ims-org-id",
								"value": "{{IMS_ORG}}",
								"description": "The access token which can be copied from your Experience Platform integration, prefixed with \"Bearer\". For more information on how to obtain this value, visit the <a href=\"https://www.adobe.io/apis/experienceplatform/home/tutorials/alltutorials.html#!api-specification/markdown/narrative/tutorials/authenticate_to_acp_tutorial/authenticate_to_acp_tutorial.md\">authentication tutorial</a>.",
								"type": "string",
								"enabled": true
							},
							{
								"key": "x-sandbox-name",
								"value": "{{SANDBOX_NAME}}",
								"description": "The name of the sandbox in which the operation will take place. See the [sandboxes overview documentation](https://www.adobe.io/apis/experienceplatform/home/permissions-and-sandboxes/permissions-and-sandboxes.html#!api-specification/markdown/narrative/technical_overview/sandboxes/sandboxes-overview.md) for more information.",
								"type": "string",
								"enabled": true
							},
							{
								"key": "x-user-token",
								"value": "{{x-user-token}}",
								"description": "The access token for the current user. If present, this token is instead of the token in the Authorization header to lookup sandboxes.",
								"type": "string",
								"enabled": true
							}
						],
						"body": {
							"mode": "formdata",
							"formdata": []
						},
						"url": {
							"raw": "https://platform.adobe.io/data/foundation/sandbox-management/sandboxes?property={{property}}&orderBy={{orderBy}}",
							"protocol": "https",
							"host": [
								"platform",
								"adobe",
								"io"
							],
							"path": [
								"data",
								"foundation",
								"sandbox-management",
								"sandboxes"
							],
							"query": [
								{
									"key": "property",
									"value": "{{property}}"
								},
								{
									"key": "orderBy",
									"value": "{{orderBy}}"
								}
							]
						}
					},
					"response": []
				},
				{
					"name": "Create a new sandbox.",
					"event": [
						{
							"listen": "prerequest",
							"script": {
								"type": "text/javascript",
								"exec": [
									"/** Begin Adobe-provided Pre-Request Scripts **/",
									"// Do not send HTTP Headers with empty variables, as Postman will send the literal variable name",
									"pm.request.headers.each(header => {",
									"    if (header.value.startsWith(\"{{\") && header.value.endsWith(\"}}\")) {",
									"        if (!pm.variables.get(header.value.substring(2, header.value.length - 2))) { pm.request.headers.remove(header.key); }",
									"    }",
									"});",
									"",
									"// Do not send HTTP URL Query Parameters with empty variables, as Postman will send the literal variable name",
									"pm.request.url.query.remove(q => { ",
									"    if (q.value.startsWith(\"{{\") && q.value.endsWith(\"}}\")) {",
									"        return !pm.variables.get(q.value.substring(2, q.value.length - 2));",
									"    } ",
									"});",
									"/** End Adobe-provided Pre-Request Scripts **/"
								]
							}
						}
					],
					"_postman_id": "d24ae706-6494-52a4-8d0c-d816cce6c44b",
					"request": {
						"method": "POST",
						"header": [
							{
								"key": "Accept",
								"value": "application/json"
							},
							{
								"key": "Content-Type",
								"value": "application/json"
							},
							{
								"key": "Authorization",
								"value": "Bearer {{ACCESS_TOKEN}}",
								"description": "The access token which can be copied from your Experience Platform integration, prefixed with \"Bearer\". For more information on how to obtain this value, visit the <a href=\"https://www.adobe.io/apis/experienceplatform/home/tutorials/alltutorials.html#!api-specification/markdown/narrative/tutorials/authenticate_to_acp_tutorial/authenticate_to_acp_tutorial.md\">authentication tutorial</a>.",
								"type": "string",
								"enabled": true
							},
							{
								"key": "x-api-key",
								"value": "{{API_KEY}}",
								"description": "The API key which can be copied from your Experience Platform integration, prefixed with \"Bearer\". For more information on how to obtain this value, visit the <a href=\"https://www.adobe.io/apis/experienceplatform/home/tutorials/alltutorials.html#!api-specification/markdown/narrative/tutorials/authenticate_to_acp_tutorial/authenticate_to_acp_tutorial.md\">authentication tutorial</a>.",
								"type": "string",
								"enabled": true
							},
							{
								"key": "x-gw-ims-org-id",
								"value": "{{IMS_ORG}}",
								"description": "The access token which can be copied from your Experience Platform integration, prefixed with \"Bearer\". For more information on how to obtain this value, visit the <a href=\"https://www.adobe.io/apis/experienceplatform/home/tutorials/alltutorials.html#!api-specification/markdown/narrative/tutorials/authenticate_to_acp_tutorial/authenticate_to_acp_tutorial.md\">authentication tutorial</a>.",
								"type": "string",
								"enabled": true
							},
							{
								"key": "x-sandbox-name",
								"value": "{{SANDBOX_NAME}}",
								"description": "The name of the sandbox in which the operation will take place. See the [sandboxes overview documentation](https://www.adobe.io/apis/experienceplatform/home/permissions-and-sandboxes/permissions-and-sandboxes.html#!api-specification/markdown/narrative/technical_overview/sandboxes/sandboxes-overview.md) for more information.",
								"type": "string",
								"enabled": true
							},
							{
								"key": "x-user-token",
								"value": "{{x-user-token}}",
								"description": "The access token for the current user. If present, this token is instead of the token in the Authorization header to lookup sandboxes.",
								"type": "string",
								"enabled": true
							}
						],
						"body": {
							"mode": "raw",
							"raw": "{{sandboxPayload}}"
						},
						"url": {
							"raw": "https://platform.adobe.io/data/foundation/sandbox-management/sandboxes",
							"protocol": "https",
							"host": [
								"platform",
								"adobe",
								"io"
							],
							"path": [
								"data",
								"foundation",
								"sandbox-management",
								"sandboxes"
							]
						}
					},
					"response": []
				},
				{
					"name": "Retrieve a sandbox by name.",
					"event": [
						{
							"listen": "prerequest",
							"script": {
								"type": "text/javascript",
								"exec": [
									"/** Begin Adobe-provided Pre-Request Scripts **/",
									"// Do not send HTTP Headers with empty variables, as Postman will send the literal variable name",
									"pm.request.headers.each(header => {",
									"    if (header.value.startsWith(\"{{\") && header.value.endsWith(\"}}\")) {",
									"        if (!pm.variables.get(header.value.substring(2, header.value.length - 2))) { pm.request.headers.remove(header.key); }",
									"    }",
									"});",
									"",
									"// Do not send HTTP URL Query Parameters with empty variables, as Postman will send the literal variable name",
									"pm.request.url.query.remove(q => { ",
									"    if (q.value.startsWith(\"{{\") && q.value.endsWith(\"}}\")) {",
									"        return !pm.variables.get(q.value.substring(2, q.value.length - 2));",
									"    } ",
									"});",
									"/** End Adobe-provided Pre-Request Scripts **/"
								]
							}
						}
					],
					"_postman_id": "79095a1f-dd3b-50fc-846d-06818f52ac2d",
					"request": {
						"method": "GET",
						"header": [
							{
								"key": "Accept",
								"value": "application/json"
							},
							{
								"key": "Content-Type",
								"value": "application/json"
							},
							{
								"key": "Authorization",
								"value": "Bearer {{ACCESS_TOKEN}}",
								"description": "The access token which can be copied from your Experience Platform integration, prefixed with \"Bearer\". For more information on how to obtain this value, visit the <a href=\"https://www.adobe.io/apis/experienceplatform/home/tutorials/alltutorials.html#!api-specification/markdown/narrative/tutorials/authenticate_to_acp_tutorial/authenticate_to_acp_tutorial.md\">authentication tutorial</a>.",
								"type": "string",
								"enabled": true
							},
							{
								"key": "x-api-key",
								"value": "{{API_KEY}}",
								"description": "The API key which can be copied from your Experience Platform integration, prefixed with \"Bearer\". For more information on how to obtain this value, visit the <a href=\"https://www.adobe.io/apis/experienceplatform/home/tutorials/alltutorials.html#!api-specification/markdown/narrative/tutorials/authenticate_to_acp_tutorial/authenticate_to_acp_tutorial.md\">authentication tutorial</a>.",
								"type": "string",
								"enabled": true
							},
							{
								"key": "x-gw-ims-org-id",
								"value": "{{IMS_ORG}}",
								"description": "The access token which can be copied from your Experience Platform integration, prefixed with \"Bearer\". For more information on how to obtain this value, visit the <a href=\"https://www.adobe.io/apis/experienceplatform/home/tutorials/alltutorials.html#!api-specification/markdown/narrative/tutorials/authenticate_to_acp_tutorial/authenticate_to_acp_tutorial.md\">authentication tutorial</a>.",
								"type": "string",
								"enabled": true
							},
							{
								"key": "x-sandbox-name",
								"value": "{{SANDBOX_NAME}}",
								"description": "The name of the sandbox in which the operation will take place. See the [sandboxes overview documentation](https://www.adobe.io/apis/experienceplatform/home/permissions-and-sandboxes/permissions-and-sandboxes.html#!api-specification/markdown/narrative/technical_overview/sandboxes/sandboxes-overview.md) for more information.",
								"type": "string",
								"enabled": true
							},
							{
								"key": "x-user-token",
								"value": "{{x-user-token}}",
								"description": "The access token for the current user. If present, this token is instead of the token in the Authorization header to lookup sandboxes.",
								"type": "string",
								"enabled": true
							}
						],
						"body": {
							"mode": "formdata",
							"formdata": []
						},
						"url": {
							"raw": "https://platform.adobe.io/data/foundation/sandbox-management/sandboxes/:sandboxName",
							"protocol": "https",
							"host": [
								"platform",
								"adobe",
								"io"
							],
							"path": [
								"data",
								"foundation",
								"sandbox-management",
								"sandboxes",
								":sandboxName"
							],
							"variable": [
								{
									"value": "{{sandboxName}}",
									"id": "sandboxName"
								}
							]
						}
					},
					"response": []
				},
				{
					"name": "Reset a sandbox by name.",
					"event": [
						{
							"listen": "prerequest",
							"script": {
								"type": "text/javascript",
								"exec": [
									"/** Begin Adobe-provided Pre-Request Scripts **/",
									"// Do not send HTTP Headers with empty variables, as Postman will send the literal variable name",
									"pm.request.headers.each(header => {",
									"    if (header.value.startsWith(\"{{\") && header.value.endsWith(\"}}\")) {",
									"        if (!pm.variables.get(header.value.substring(2, header.value.length - 2))) { pm.request.headers.remove(header.key); }",
									"    }",
									"});",
									"",
									"// Do not send HTTP URL Query Parameters with empty variables, as Postman will send the literal variable name",
									"pm.request.url.query.remove(q => { ",
									"    if (q.value.startsWith(\"{{\") && q.value.endsWith(\"}}\")) {",
									"        return !pm.variables.get(q.value.substring(2, q.value.length - 2));",
									"    } ",
									"});",
									"/** End Adobe-provided Pre-Request Scripts **/"
								]
							}
						}
					],
					"_postman_id": "dc752ffe-a94c-513b-8b8e-e266e852bbe5",
					"request": {
						"method": "PUT",
						"header": [
							{
								"key": "Accept",
								"value": "application/json"
							},
							{
								"key": "Content-Type",
								"value": "application/json"
							},
							{
								"key": "Authorization",
								"value": "Bearer {{ACCESS_TOKEN}}",
								"description": "The access token which can be copied from your Experience Platform integration, prefixed with \"Bearer\". For more information on how to obtain this value, visit the <a href=\"https://www.adobe.io/apis/experienceplatform/home/tutorials/alltutorials.html#!api-specification/markdown/narrative/tutorials/authenticate_to_acp_tutorial/authenticate_to_acp_tutorial.md\">authentication tutorial</a>.",
								"type": "string",
								"enabled": true
							},
							{
								"key": "x-api-key",
								"value": "{{API_KEY}}",
								"description": "The API key which can be copied from your Experience Platform integration, prefixed with \"Bearer\". For more information on how to obtain this value, visit the <a href=\"https://www.adobe.io/apis/experienceplatform/home/tutorials/alltutorials.html#!api-specification/markdown/narrative/tutorials/authenticate_to_acp_tutorial/authenticate_to_acp_tutorial.md\">authentication tutorial</a>.",
								"type": "string",
								"enabled": true
							},
							{
								"key": "x-gw-ims-org-id",
								"value": "{{IMS_ORG}}",
								"description": "The access token which can be copied from your Experience Platform integration, prefixed with \"Bearer\". For more information on how to obtain this value, visit the <a href=\"https://www.adobe.io/apis/experienceplatform/home/tutorials/alltutorials.html#!api-specification/markdown/narrative/tutorials/authenticate_to_acp_tutorial/authenticate_to_acp_tutorial.md\">authentication tutorial</a>.",
								"type": "string",
								"enabled": true
							},
							{
								"key": "x-sandbox-name",
								"value": "{{SANDBOX_NAME}}",
								"description": "The name of the sandbox in which the operation will take place. See the [sandboxes overview documentation](https://www.adobe.io/apis/experienceplatform/home/permissions-and-sandboxes/permissions-and-sandboxes.html#!api-specification/markdown/narrative/technical_overview/sandboxes/sandboxes-overview.md) for more information.",
								"type": "string",
								"enabled": true
							},
							{
								"key": "x-user-token",
								"value": "{{x-user-token}}",
								"description": "The access token for the current user. If present, this token is instead of the token in the Authorization header to lookup sandboxes.",
								"type": "string",
								"enabled": true
							}
						],
						"body": {
							"mode": "raw",
							"raw": "{{action}}"
						},
						"url": {
							"raw": "https://platform.adobe.io/data/foundation/sandbox-management/sandboxes/:sandboxName",
							"protocol": "https",
							"host": [
								"platform",
								"adobe",
								"io"
							],
							"path": [
								"data",
								"foundation",
								"sandbox-management",
								"sandboxes",
								":sandboxName"
							],
							"variable": [
								{
									"value": "{{sandboxName}}",
									"id": "sandboxName"
								}
							]
						}
					},
					"response": []
				},
				{
					"name": "Update a sandbox by name.",
					"event": [
						{
							"listen": "prerequest",
							"script": {
								"type": "text/javascript",
								"exec": [
									"/** Begin Adobe-provided Pre-Request Scripts **/",
									"// Do not send HTTP Headers with empty variables, as Postman will send the literal variable name",
									"pm.request.headers.each(header => {",
									"    if (header.value.startsWith(\"{{\") && header.value.endsWith(\"}}\")) {",
									"        if (!pm.variables.get(header.value.substring(2, header.value.length - 2))) { pm.request.headers.remove(header.key); }",
									"    }",
									"});",
									"",
									"// Do not send HTTP URL Query Parameters with empty variables, as Postman will send the literal variable name",
									"pm.request.url.query.remove(q => { ",
									"    if (q.value.startsWith(\"{{\") && q.value.endsWith(\"}}\")) {",
									"        return !pm.variables.get(q.value.substring(2, q.value.length - 2));",
									"    } ",
									"});",
									"/** End Adobe-provided Pre-Request Scripts **/"
								]
							}
						}
					],
					"_postman_id": "dfaf816e-d15f-589a-8ff6-936e6348f626",
					"request": {
						"method": "PATCH",
						"header": [
							{
								"key": "Accept",
								"value": "application/json"
							},
							{
								"key": "Content-Type",
								"value": "application/json"
							},
							{
								"key": "Authorization",
								"value": "Bearer {{ACCESS_TOKEN}}",
								"description": "The access token which can be copied from your Experience Platform integration, prefixed with \"Bearer\". For more information on how to obtain this value, visit the <a href=\"https://www.adobe.io/apis/experienceplatform/home/tutorials/alltutorials.html#!api-specification/markdown/narrative/tutorials/authenticate_to_acp_tutorial/authenticate_to_acp_tutorial.md\">authentication tutorial</a>.",
								"type": "string",
								"enabled": true
							},
							{
								"key": "x-api-key",
								"value": "{{API_KEY}}",
								"description": "The API key which can be copied from your Experience Platform integration, prefixed with \"Bearer\". For more information on how to obtain this value, visit the <a href=\"https://www.adobe.io/apis/experienceplatform/home/tutorials/alltutorials.html#!api-specification/markdown/narrative/tutorials/authenticate_to_acp_tutorial/authenticate_to_acp_tutorial.md\">authentication tutorial</a>.",
								"type": "string",
								"enabled": true
							},
							{
								"key": "x-gw-ims-org-id",
								"value": "{{IMS_ORG}}",
								"description": "The access token which can be copied from your Experience Platform integration, prefixed with \"Bearer\". For more information on how to obtain this value, visit the <a href=\"https://www.adobe.io/apis/experienceplatform/home/tutorials/alltutorials.html#!api-specification/markdown/narrative/tutorials/authenticate_to_acp_tutorial/authenticate_to_acp_tutorial.md\">authentication tutorial</a>.",
								"type": "string",
								"enabled": true
							},
							{
								"key": "x-sandbox-name",
								"value": "{{SANDBOX_NAME}}",
								"description": "The name of the sandbox in which the operation will take place. See the [sandboxes overview documentation](https://www.adobe.io/apis/experienceplatform/home/permissions-and-sandboxes/permissions-and-sandboxes.html#!api-specification/markdown/narrative/technical_overview/sandboxes/sandboxes-overview.md) for more information.",
								"type": "string",
								"enabled": true
							},
							{
								"key": "x-user-token",
								"value": "{{x-user-token}}",
								"description": "The access token for the current user. If present, this token is instead of the token in the Authorization header to lookup sandboxes.",
								"type": "string",
								"enabled": true
							}
						],
						"body": {
							"mode": "raw",
							"raw": "{{action}}"
						},
						"url": {
							"raw": "https://platform.adobe.io/data/foundation/sandbox-management/sandboxes/:sandboxName",
							"protocol": "https",
							"host": [
								"platform",
								"adobe",
								"io"
							],
							"path": [
								"data",
								"foundation",
								"sandbox-management",
								"sandboxes",
								":sandboxName"
							],
							"variable": [
								{
									"value": "{{sandboxName}}",
									"id": "sandboxName"
								}
							]
						}
					},
					"response": []
				},
				{
					"name": "Delete a sandbox by name.",
					"event": [
						{
							"listen": "prerequest",
							"script": {
								"type": "text/javascript",
								"exec": [
									"/** Begin Adobe-provided Pre-Request Scripts **/",
									"// Do not send HTTP Headers with empty variables, as Postman will send the literal variable name",
									"pm.request.headers.each(header => {",
									"    if (header.value.startsWith(\"{{\") && header.value.endsWith(\"}}\")) {",
									"        if (!pm.variables.get(header.value.substring(2, header.value.length - 2))) { pm.request.headers.remove(header.key); }",
									"    }",
									"});",
									"",
									"// Do not send HTTP URL Query Parameters with empty variables, as Postman will send the literal variable name",
									"pm.request.url.query.remove(q => { ",
									"    if (q.value.startsWith(\"{{\") && q.value.endsWith(\"}}\")) {",
									"        return !pm.variables.get(q.value.substring(2, q.value.length - 2));",
									"    } ",
									"});",
									"/** End Adobe-provided Pre-Request Scripts **/"
								]
							}
						}
					],
					"_postman_id": "c39c332b-e25a-5ab2-a391-083f325026d2",
					"request": {
						"method": "DELETE",
						"header": [
							{
								"key": "Accept",
								"value": "application/json"
							},
							{
								"key": "Content-Type",
								"value": "application/json"
							},
							{
								"key": "Authorization",
								"value": "Bearer {{ACCESS_TOKEN}}",
								"description": "The access token which can be copied from your Experience Platform integration, prefixed with \"Bearer\". For more information on how to obtain this value, visit the <a href=\"https://www.adobe.io/apis/experienceplatform/home/tutorials/alltutorials.html#!api-specification/markdown/narrative/tutorials/authenticate_to_acp_tutorial/authenticate_to_acp_tutorial.md\">authentication tutorial</a>.",
								"type": "string",
								"enabled": true
							},
							{
								"key": "x-api-key",
								"value": "{{API_KEY}}",
								"description": "The API key which can be copied from your Experience Platform integration, prefixed with \"Bearer\". For more information on how to obtain this value, visit the <a href=\"https://www.adobe.io/apis/experienceplatform/home/tutorials/alltutorials.html#!api-specification/markdown/narrative/tutorials/authenticate_to_acp_tutorial/authenticate_to_acp_tutorial.md\">authentication tutorial</a>.",
								"type": "string",
								"enabled": true
							},
							{
								"key": "x-gw-ims-org-id",
								"value": "{{IMS_ORG}}",
								"description": "The access token which can be copied from your Experience Platform integration, prefixed with \"Bearer\". For more information on how to obtain this value, visit the <a href=\"https://www.adobe.io/apis/experienceplatform/home/tutorials/alltutorials.html#!api-specification/markdown/narrative/tutorials/authenticate_to_acp_tutorial/authenticate_to_acp_tutorial.md\">authentication tutorial</a>.",
								"type": "string",
								"enabled": true
							},
							{
								"key": "x-sandbox-name",
								"value": "{{SANDBOX_NAME}}",
								"description": "The name of the sandbox in which the operation will take place. See the [sandboxes overview documentation](https://www.adobe.io/apis/experienceplatform/home/permissions-and-sandboxes/permissions-and-sandboxes.html#!api-specification/markdown/narrative/technical_overview/sandboxes/sandboxes-overview.md) for more information.",
								"type": "string",
								"enabled": true
							},
							{
								"key": "x-user-token",
								"value": "{{x-user-token}}",
								"description": "The access token for the current user. If present, this token is instead of the token in the Authorization header to lookup sandboxes.",
								"type": "string",
								"enabled": true
							}
						],
						"body": {
							"mode": "formdata",
							"formdata": []
						},
						"url": {
							"raw": "https://platform.adobe.io/data/foundation/sandbox-management/sandboxes/:sandboxName",
							"protocol": "https",
							"host": [
								"platform",
								"adobe",
								"io"
							],
							"path": [
								"data",
								"foundation",
								"sandbox-management",
								"sandboxes",
								":sandboxName"
							],
							"variable": [
								{
									"value": "{{sandboxName}}",
									"id": "sandboxName"
								}
							]
						}
					},
					"response": []
				}
			],
			"_postman_id": "d84120e7-7f9f-5ed2-acd3-a2e70829aca5",
			"description": "Sandbox operations available only to admins. Sandbox admin privileges are managed through the <a href='https://adminconsole.adobe.com'>Adobe Admin Console</a>."
		}
	]
}