{
	"info": {
		"_postman_id": "83770a3d-f06c-580d-a930-e25d575dce62",
		"name": "XDM Core Object Repository API",
		"description": "Offer Decisioning is an Application Service integrated with Adobe Experience Platform. It allows you to leverage Adobe Experience Platform to deliver the best offer and experience to your customers across all touch points at the right time.\nRelated documentation:\n  * [Offer Decisioning documentation](https://docs.adobe.com/content/help/en/offer-decisioning/using/offer-decisioning-home.html)\n  \nVisualize API calls with Postman (a free, third-party software):\n  * [XDM Core Object Repository API Postman collection on GitHub](https://github.com/adobe/experience-platform-postman-samples/blob/master/apis/experience-platform/XDM%20Core%20Object%20Repository%20API.postman_collection.json)\n  * [Video guide for creating the Postman environment](https://video.tv.adobe.com/v/28832)\n  * [Steps for importing environments and collections in Postman](https://learning.getpostman.com/docs/postman/collection_runs/using_environments_in_collection_runs/)\n\nAPI paths:\n  * PLATFORM Gateway URL: https://<span>platform.adobe.io/\n  * Base path for this API: /data/core/xcore\n  * Example of a complete path: https://<span>platform.adobe.io/data/core/xcore\n\nRequired headers:\n  * All calls require the headers `Authorization`, `x-gw-ims-org-id`, and `x-api-key`. For more information on how to obtain these values, see the [authentication tutorial](https://docs.adobe.com/content/help/en/experience-platform/tutorials/authentication.html).\n  * All resources in Experience Platform are isolated to specific virtual sandboxes. All requests to Platform APIs require the header `x-sandbox-name` whose value is the all-lowercase name of the sandbox the operation will take place in (for example, \"prod\"). See the [sandboxes overview](https://docs.adobe.com/content/help/en/experience-platform/sandbox/home.html) for more information.\n  * All requests with a payload in the request body (such as POST, PUT, and PATCH calls) must include the header `Content-Type` with a value of `application/json`.",
		"schema": "https://schema.getpostman.com/json/collection/v2.1.0/collection.json"
	},
	"item": [
		{
			"name": "Queries",
			"item": [
				{
					"name": "Rich core search interface for XDM instances.",
					"event": [
						{
							"listen": "prerequest",
							"script": {
								"type": "text/javascript",
								"exec": [
									"/** Begin Adobe-provided Pre-Request Scripts **/",
									"// Do not send HTTP Headers with empty variables, as Postman will send the literal variable name",
									"pm.request.headers.each(header => {",
									"    if (header.value.startsWith(\"{{\") && header.value.endsWith(\"}}\")) {",
									"        if (!pm.variables.get(header.value.substring(2, header.value.length - 2))) { pm.request.headers.remove(header.key); }",
									"    }",
									"});",
									"",
									"// Do not send HTTP URL Query Parameters with empty variables, as Postman will send the literal variable name",
									"pm.request.url.query.remove(q => { ",
									"    if (q.value.startsWith(\"{{\") && q.value.endsWith(\"}}\")) {",
									"        return !pm.variables.get(q.value.substring(2, q.value.length - 2));",
									"    } ",
									"});",
									"/** End Adobe-provided Pre-Request Scripts **/"
								]
							}
						}
					],
					"_postman_id": "cd0f1f60-a365-509e-9244-0ad123c25631",
					"request": {
						"method": "GET",
						"header": [
							{
								"key": "Accept",
								"value": "application/vnd.adobe.platform.xcore.hal+json; schema='https://ns.adobe.com/experience/xcore/hal/results'"
							},
							{
								"key": "Content-Type",
								"value": "application/vnd.adobe.platform.xcore.hal+json"
							},
							{
								"key": "Authorization",
								"value": "Bearer {{ACCESS_TOKEN}}",
								"description": "Access token in the format \"Bearer {ACCESS_TOKEN}\".",
								"type": "string",
								"enabled": true
							},
							{
								"key": "x-gw-ims-org-id",
								"value": "{{IMS_ORG}}",
								"description": "IMS organization ID. The container specified in the `containerId` parameter must be owned by the IMS Org attempting to access it.",
								"type": "string",
								"enabled": true
							},
							{
								"key": "x-api-key",
								"value": "{{API_KEY}}",
								"description": "API key of calling client.",
								"type": "string",
								"enabled": true
							},
							{
								"key": "x-request-id",
								"value": "{{x-request-id}}",
								"description": "A string in UUID format that is globally unique and must not be reused for different API calls. The request ID is used for debugging purposes and tracking of each API call performed. For example, \"d41ee840-0a10-4393-ab55-12fa54cb6172\".",
								"type": "string",
								"enabled": true
							},
							{
								"key": "x-user-token",
								"value": "{{x-user-token}}",
								"description": "Required when the Authorization \"Bearer\" token is a service access token, otherwise this parameter is ignored. Identifies the user on whose behalf the service is calling. User must have been provided with at least one of the Product Profiles belonging to the IMS Org whose IMS Org ID the caller provides as the `x-gw-ims-org-id` request header and write access permissions specific to schema type in the container for the IMS Org specified in `x-gw-ims-org-id`.",
								"type": "string",
								"enabled": true
							},
							{
								"key": "x-sandbox-name",
								"value": "{{SANDBOX_NAME}}",
								"description": "Identifies the Adobe Experience Platform sandbox to use. Default sandbox is 'prod'",
								"type": "string",
								"enabled": true
							}
						],
						"body": {
							"mode": "formdata",
							"formdata": []
						},
						"url": {
							"raw": "https://platform.adobe.io/data/core/xcore/:containerId/queries/core/search?schema={{schema}}&q={{q}}&qop={{qop}}&field={{field}}&property={{property}}&orderby={{orderby}}&start={{start}}&limit={{limit}}",
							"protocol": "https",
							"host": [
								"platform",
								"adobe",
								"io"
							],
							"path": [
								"data",
								"core",
								"xcore",
								":containerId",
								"queries",
								"core",
								"search"
							],
							"query": [
								{
									"key": "schema",
									"value": "{{schema}}"
								},
								{
									"key": "q",
									"value": "{{q}}"
								},
								{
									"key": "qop",
									"value": "{{qop}}"
								},
								{
									"key": "field",
									"value": "{{field}}"
								},
								{
									"key": "property",
									"value": "{{property}}"
								},
								{
									"key": "orderby",
									"value": "{{orderby}}"
								},
								{
									"key": "start",
									"value": "{{start}}"
								},
								{
									"key": "limit",
									"value": "{{limit}}"
								}
							],
							"variable": [
								{
									"value": "{{containerId}}",
									"id": "containerId"
								}
							]
						},
						"description": "Query instances in a container."
					},
					"response": []
				},
				{
					"name": "Core query for instances by schema ID or name.",
					"event": [
						{
							"listen": "prerequest",
							"script": {
								"type": "text/javascript",
								"exec": [
									"/** Begin Adobe-provided Pre-Request Scripts **/",
									"// Do not send HTTP Headers with empty variables, as Postman will send the literal variable name",
									"pm.request.headers.each(header => {",
									"    if (header.value.startsWith(\"{{\") && header.value.endsWith(\"}}\")) {",
									"        if (!pm.variables.get(header.value.substring(2, header.value.length - 2))) { pm.request.headers.remove(header.key); }",
									"    }",
									"});",
									"",
									"// Do not send HTTP URL Query Parameters with empty variables, as Postman will send the literal variable name",
									"pm.request.url.query.remove(q => { ",
									"    if (q.value.startsWith(\"{{\") && q.value.endsWith(\"}}\")) {",
									"        return !pm.variables.get(q.value.substring(2, q.value.length - 2));",
									"    } ",
									"});",
									"/** End Adobe-provided Pre-Request Scripts **/"
								]
							}
						}
					],
					"_postman_id": "149f2818-bbdc-501a-99fa-836fc7e925c0",
					"request": {
						"method": "GET",
						"header": [
							{
								"key": "Accept",
								"value": "application/vnd.adobe.platform.xcore.hal+json; schema='https://ns.adobe.com/experience/xcore/hal/results'"
							},
							{
								"key": "Content-Type",
								"value": "application/vnd.adobe.platform.xcore.hal+json"
							},
							{
								"key": "Authorization",
								"value": "Bearer {{ACCESS_TOKEN}}",
								"description": "Access token in the format \"Bearer {ACCESS_TOKEN}\".",
								"type": "string",
								"enabled": true
							},
							{
								"key": "x-gw-ims-org-id",
								"value": "{{IMS_ORG}}",
								"description": "IMS organization ID. The container specified in the `containerId` parameter must be owned by the IMS Org attempting to access it.",
								"type": "string",
								"enabled": true
							},
							{
								"key": "x-api-key",
								"value": "{{API_KEY}}",
								"description": "API key of calling client.",
								"type": "string",
								"enabled": true
							},
							{
								"key": "x-request-id",
								"value": "{{x-request-id}}",
								"description": "A string in UUID format that is globally unique and must not be reused for different API calls. The request ID is used for debugging purposes and tracking of each API call performed. For example, \"d41ee840-0a10-4393-ab55-12fa54cb6172\".",
								"type": "string",
								"enabled": true
							},
							{
								"key": "x-user-token",
								"value": "{{x-user-token}}",
								"description": "Required when the Authorization 'Bearer' token is a service access token, otherwise this parameter is ignored. Identifies the user on whose behalf the service is calling. User must have been provided with at least one of the Product Profiles belonging to the IMS Org whose IMS Org ID the caller provides as the `x-gw-ims-org-id` request header and write access permissions specific to schema type in the container for the IMS Org specified in `x-gw-ims-org-id`.",
								"type": "string",
								"enabled": true
							},
							{
								"key": "x-sandbox-name",
								"value": "{{SANDBOX_NAME}}",
								"description": "Identifies the Adobe Experience Platform sandbox to use. Default sandbox is 'prod'",
								"type": "string",
								"enabled": true
							}
						],
						"body": {
							"mode": "formdata",
							"formdata": []
						},
						"url": {
							"raw": "https://platform.adobe.io/data/core/xcore/:containerId/instances?schema={{schema}}&id={{id}}&name={{name}}&property={{property}}&orderby={{orderby}}&start={{start}}&limit={{limit}}",
							"protocol": "https",
							"host": [
								"platform",
								"adobe",
								"io"
							],
							"path": [
								"data",
								"core",
								"xcore",
								":containerId",
								"instances"
							],
							"query": [
								{
									"key": "schema",
									"value": "{{schema}}"
								},
								{
									"key": "id",
									"value": "{{id}}"
								},
								{
									"key": "name",
									"value": "{{name}}"
								},
								{
									"key": "property",
									"value": "{{property}}"
								},
								{
									"key": "orderby",
									"value": "{{orderby}}"
								},
								{
									"key": "start",
									"value": "{{start}}"
								},
								{
									"key": "limit",
									"value": "{{limit}}"
								}
							],
							"variable": [
								{
									"value": "{{containerId}}",
									"id": "containerId"
								}
							]
						},
						"description": "The Collections API is designed to return a list of instances of a particular schema type defined by:<ul><li>All instances in a container that match a set of schemas.</li><li>Instances matching a name regex (MUST contain `xdm:name` property); or a list of specific instance IDs.</li></ul>"
					},
					"response": []
				}
			],
			"_postman_id": "9a13dc13-070c-5104-b6d6-41a1b1f9c945",
			"description": "Core Queries against XDM instances."
		},
		{
			"name": "Instances",
			"item": [
				{
					"name": "Create a new XDM instance",
					"event": [
						{
							"listen": "prerequest",
							"script": {
								"type": "text/javascript",
								"exec": [
									"/** Begin Adobe-provided Pre-Request Scripts **/",
									"// Do not send HTTP Headers with empty variables, as Postman will send the literal variable name",
									"pm.request.headers.each(header => {",
									"    if (header.value.startsWith(\"{{\") && header.value.endsWith(\"}}\")) {",
									"        if (!pm.variables.get(header.value.substring(2, header.value.length - 2))) { pm.request.headers.remove(header.key); }",
									"    }",
									"});",
									"",
									"// Do not send HTTP URL Query Parameters with empty variables, as Postman will send the literal variable name",
									"pm.request.url.query.remove(q => { ",
									"    if (q.value.startsWith(\"{{\") && q.value.endsWith(\"}}\")) {",
									"        return !pm.variables.get(q.value.substring(2, q.value.length - 2));",
									"    } ",
									"});",
									"/** End Adobe-provided Pre-Request Scripts **/"
								]
							}
						}
					],
					"_postman_id": "2bebcbd8-0529-51ab-b36d-04c1f3e80284",
					"request": {
						"method": "POST",
						"header": [
							{
								"key": "Accept",
								"value": "application/vnd.adobe.platform.xcore.xdm.receipt+json; version=1"
							},
							{
								"key": "Content-Type",
								"value": "application/schema-instance+json; schema=\"{namespaceId1} {namespaceId2}\""
							},
							{
								"key": "Authorization",
								"value": "Bearer {{ACCESS_TOKEN}}",
								"description": "Access token in the format \"Bearer {ACCESS_TOKEN}\".",
								"type": "string",
								"enabled": true
							},
							{
								"key": "x-gw-ims-org-id",
								"value": "{{IMS_ORG}}",
								"description": "IMS organization ID. The container specified in the `containerId` parameter must be owned by the IMS Org attempting to access it.",
								"type": "string",
								"enabled": true
							},
							{
								"key": "x-api-key",
								"value": "{{API_KEY}}",
								"description": "API key of calling client.",
								"type": "string",
								"enabled": true
							},
							{
								"key": "x-request-id",
								"value": "{{x-request-id}}",
								"description": "A string in UUID format that is globally unique and must not be reused for different API calls. The request ID is used for debugging purposes and tracking of each API call performed. For example, \"d41ee840-0a10-4393-ab55-12fa54cb6172\".",
								"type": "string",
								"enabled": true
							},
							{
								"key": "x-user-token",
								"value": "{{x-user-token}}",
								"description": "Required when the Authorization 'Bearer' token is a service access token, otherwise this parameter is ignored. Identifies the user on whose behalf the service is calling. User must have been provided with at least one of the Product Profiles belonging to the IMS Org whose IMS Org ID the caller provides as the `x-gw-ims-org-id` request header and write access permissions specific to schema type in the container for the IMS Org specified in `x-gw-ims-org-id`.",
								"type": "string",
								"enabled": true
							},
							{
								"key": "x-sandbox-name",
								"value": "{{SANDBOX_NAME}}",
								"description": "Identifies the Adobe Experience Platform sandbox to use. Default sandbox is 'prod'",
								"type": "string",
								"enabled": true
							}
						],
						"body": {
							"mode": "raw",
							"raw": "{{body}}"
						},
						"url": {
							"raw": "https://platform.adobe.io/data/core/xcore/:containerId/instances",
							"protocol": "https",
							"host": [
								"platform",
								"adobe",
								"io"
							],
							"path": [
								"data",
								"core",
								"xcore",
								":containerId",
								"instances"
							],
							"variable": [
								{
									"value": "{{containerId}}",
									"id": "containerId"
								}
							]
						},
						"description": "Create a new instance of a given model schema. Use the HAL link with the relationship type `api:create` that can be obtained from the Home (\"/\") endpoint as the complete URL. Alternatively, you can construct the URL from the `containerId` received from the Container API."
					},
					"response": []
				},
				{
					"name": "Get a specific instance on an object.",
					"event": [
						{
							"listen": "prerequest",
							"script": {
								"type": "text/javascript",
								"exec": [
									"/** Begin Adobe-provided Pre-Request Scripts **/",
									"// Do not send HTTP Headers with empty variables, as Postman will send the literal variable name",
									"pm.request.headers.each(header => {",
									"    if (header.value.startsWith(\"{{\") && header.value.endsWith(\"}}\")) {",
									"        if (!pm.variables.get(header.value.substring(2, header.value.length - 2))) { pm.request.headers.remove(header.key); }",
									"    }",
									"});",
									"",
									"// Do not send HTTP URL Query Parameters with empty variables, as Postman will send the literal variable name",
									"pm.request.url.query.remove(q => { ",
									"    if (q.value.startsWith(\"{{\") && q.value.endsWith(\"}}\")) {",
									"        return !pm.variables.get(q.value.substring(2, q.value.length - 2));",
									"    } ",
									"});",
									"/** End Adobe-provided Pre-Request Scripts **/"
								]
							}
						}
					],
					"_postman_id": "65423748-f7dc-508c-9ee5-6c48e8d85309",
					"request": {
						"method": "GET",
						"header": [
							{
								"key": "Accept",
								"value": "application/schema-instance+json; schema=\"{namespaceId1} {namespaceId2}\", application/vnd.adobe.platform.xcore.hal+json; schema=\"{namespaceId1} {namespaceId2}\""
							},
							{
								"key": "Content-Type",
								"value": "application/vnd.adobe.platform.xcore.hal+json"
							},
							{
								"key": "Authorization",
								"value": "Bearer {{ACCESS_TOKEN}}",
								"description": "Access token in the format \"Bearer {ACCESS_TOKEN}\".",
								"type": "string",
								"enabled": true
							},
							{
								"key": "x-gw-ims-org-id",
								"value": "{{IMS_ORG}}",
								"description": "IMS organization ID. The container specified in the `containerId` parameter must be owned by the IMS Org attempting to access it.",
								"type": "string",
								"enabled": true
							},
							{
								"key": "x-api-key",
								"value": "{{API_KEY}}",
								"description": "API key of calling client.",
								"type": "string",
								"enabled": true
							},
							{
								"key": "x-request-id",
								"value": "{{x-request-id}}",
								"description": "A string in UUID format that is globally unique and must not be reused for different API calls. The request ID is used for debugging purposes and tracking of each API call performed. For example, \"d41ee840-0a10-4393-ab55-12fa54cb6172\".",
								"type": "string",
								"enabled": true
							},
							{
								"key": "x-user-token",
								"value": "{{x-user-token}}",
								"description": "Required when the Authorization 'Bearer' token is a service access token, otherwise this parameter is ignored. Identifies the user on whose behalf the service is calling. User must have been provided with at least one of the Product Profiles belonging to the IMS Org whose IMS Org ID the caller provides as the `x-gw-ims-org-id` request header and write access permissions specific to schema type in the container for the IMS Org specified in `x-gw-ims-org-id`.",
								"type": "string",
								"enabled": true
							},
							{
								"key": "If-None-Match",
								"value": "{{If-None-Match}}",
								"description": "Used with etag value for a conditional GET request.",
								"type": "string",
								"enabled": true
							},
							{
								"key": "x-sandbox-name",
								"value": "{{SANDBOX_NAME}}",
								"description": "Identifies the Adobe Experience Platform sandbox to use. Default sandbox is 'prod'",
								"type": "string",
								"enabled": true
							}
						],
						"body": {
							"mode": "formdata",
							"formdata": []
						},
						"url": {
							"raw": "https://platform.adobe.io/data/core/xcore/:containerId/instances/:instanceId",
							"protocol": "https",
							"host": [
								"platform",
								"adobe",
								"io"
							],
							"path": [
								"data",
								"core",
								"xcore",
								":containerId",
								"instances",
								":instanceId"
							],
							"variable": [
								{
									"value": "{{containerId}}",
									"id": "containerId"
								},
								{
									"value": "{{instanceId}}",
									"id": "instanceId"
								}
							]
						},
						"description": "Get an instance of an object."
					},
					"response": []
				},
				{
					"name": "Update an existing XDM instance.",
					"event": [
						{
							"listen": "prerequest",
							"script": {
								"type": "text/javascript",
								"exec": [
									"/** Begin Adobe-provided Pre-Request Scripts **/",
									"// Do not send HTTP Headers with empty variables, as Postman will send the literal variable name",
									"pm.request.headers.each(header => {",
									"    if (header.value.startsWith(\"{{\") && header.value.endsWith(\"}}\")) {",
									"        if (!pm.variables.get(header.value.substring(2, header.value.length - 2))) { pm.request.headers.remove(header.key); }",
									"    }",
									"});",
									"",
									"// Do not send HTTP URL Query Parameters with empty variables, as Postman will send the literal variable name",
									"pm.request.url.query.remove(q => { ",
									"    if (q.value.startsWith(\"{{\") && q.value.endsWith(\"}}\")) {",
									"        return !pm.variables.get(q.value.substring(2, q.value.length - 2));",
									"    } ",
									"});",
									"/** End Adobe-provided Pre-Request Scripts **/"
								]
							}
						}
					],
					"_postman_id": "45e98142-2219-5c7a-92a4-51710090920c",
					"request": {
						"method": "PUT",
						"header": [
							{
								"key": "Accept",
								"value": "application/vnd.adobe.platform.xcore.xdm.receipt+json; version=1"
							},
							{
								"key": "Content-Type",
								"value": "application/schema-instance+json; schema=\"{namespaceId1} {namespaceId2}\""
							},
							{
								"key": "Authorization",
								"value": "Bearer {{ACCESS_TOKEN}}",
								"description": "Access token in the format \"Bearer {ACCESS_TOKEN}\".",
								"type": "string",
								"enabled": true
							},
							{
								"key": "x-gw-ims-org-id",
								"value": "{{IMS_ORG}}",
								"description": "IMS organization ID. The container specified in the `containerId` parameter must be owned by the IMS Org attempting to access it.",
								"type": "string",
								"enabled": true
							},
							{
								"key": "x-api-key",
								"value": "{{API_KEY}}",
								"description": "API key of calling client.",
								"type": "string",
								"enabled": true
							},
							{
								"key": "x-request-id",
								"value": "{{x-request-id}}",
								"description": "A string in UUID format that is globally unique and must not be reused for different API calls. The request ID is used for debugging purposes and tracking of each API call performed. For example, \"d41ee840-0a10-4393-ab55-12fa54cb6172\".",
								"type": "string",
								"enabled": true
							},
							{
								"key": "x-user-token",
								"value": "{{x-user-token}}",
								"description": "Required when the Authorization 'Bearer' token is a service access token, otherwise this parameter is ignored. Identifies the user on whose behalf the service is calling. User must have been provided with at least one of the Product Profiles belonging to the IMS Org whose IMS Org ID the caller provides as the `x-gw-ims-org-id` request header and write access permissions specific to schema type in the container for the IMS Org specified in `x-gw-ims-org-id`.",
								"type": "string",
								"enabled": true
							},
							{
								"key": "If-Match",
								"value": "{{If-Match}}",
								"description": "Etag which must match the etag on the object in order for the write operation to succeed, otherwise the request will return HTTP Status 409 (Conflict).",
								"type": "integer",
								"enabled": true
							},
							{
								"key": "x-sandbox-name",
								"value": "{{SANDBOX_NAME}}",
								"description": "Identifies the Adobe Experience Platform sandbox to use. Default sandbox is 'prod'",
								"type": "string",
								"enabled": true
							}
						],
						"body": {
							"mode": "raw",
							"raw": "{{body}}"
						},
						"url": {
							"raw": "https://platform.adobe.io/data/core/xcore/:containerId/instances/:instanceId",
							"protocol": "https",
							"host": [
								"platform",
								"adobe",
								"io"
							],
							"path": [
								"data",
								"core",
								"xcore",
								":containerId",
								"instances",
								":instanceId"
							],
							"variable": [
								{
									"value": "{{containerId}}",
									"id": "containerId"
								},
								{
									"value": "{{instanceId}}",
									"id": "instanceId"
								}
							]
						},
						"description": "Updates an existing instance using a constructed URL. Use the `Location` header or a HAL link received from a prior API call for this object as the complete URL for this endpoint. If this is not possible, you can construct the URL from the `containerId` and the `instanceId`. `Content-type` negotiation is used to pass in the schema which represents the schema type that is registered with the instance and also is used to validate the instance. For PUT and PATCH operations the schema is optionally given as it was required on the POST request to create the instance."
					},
					"response": []
				},
				{
					"name": "Update instance using patch protocol.",
					"event": [
						{
							"listen": "prerequest",
							"script": {
								"type": "text/javascript",
								"exec": [
									"/** Begin Adobe-provided Pre-Request Scripts **/",
									"// Do not send HTTP Headers with empty variables, as Postman will send the literal variable name",
									"pm.request.headers.each(header => {",
									"    if (header.value.startsWith(\"{{\") && header.value.endsWith(\"}}\")) {",
									"        if (!pm.variables.get(header.value.substring(2, header.value.length - 2))) { pm.request.headers.remove(header.key); }",
									"    }",
									"});",
									"",
									"// Do not send HTTP URL Query Parameters with empty variables, as Postman will send the literal variable name",
									"pm.request.url.query.remove(q => { ",
									"    if (q.value.startsWith(\"{{\") && q.value.endsWith(\"}}\")) {",
									"        return !pm.variables.get(q.value.substring(2, q.value.length - 2));",
									"    } ",
									"});",
									"/** End Adobe-provided Pre-Request Scripts **/"
								]
							}
						}
					],
					"_postman_id": "5ede45c5-f897-5fb5-b39d-e4c8f2e7fa8a",
					"request": {
						"method": "PATCH",
						"header": [
							{
								"key": "Accept",
								"value": "application/vnd.adobe.platform.xcore.xdm.receipt+json; version=1"
							},
							{
								"key": "Content-Type",
								"value": "application/vnd.adobe.platform.xcore.patch.hal+json; schema=\"{namespaceId1} {namespaceId2}\""
							},
							{
								"key": "Authorization",
								"value": "Bearer {{ACCESS_TOKEN}}",
								"description": "Access token in the format \"Bearer {ACCESS_TOKEN}\".",
								"type": "string",
								"enabled": true
							},
							{
								"key": "x-gw-ims-org-id",
								"value": "{{IMS_ORG}}",
								"description": "IMS organization ID. The container specified in the `containerId` parameter must be owned by the IMS Org attempting to access it.",
								"type": "string",
								"enabled": true
							},
							{
								"key": "x-api-key",
								"value": "{{API_KEY}}",
								"description": "API key of calling client.",
								"type": "string",
								"enabled": true
							},
							{
								"key": "x-request-id",
								"value": "{{x-request-id}}",
								"description": "A string in UUID format that is globally unique and must not be reused for different API calls. The request ID is used for debugging purposes and tracking of each API call performed. For example, \"d41ee840-0a10-4393-ab55-12fa54cb6172\".",
								"type": "string",
								"enabled": true
							},
							{
								"key": "x-user-token",
								"value": "{{x-user-token}}",
								"description": "Required when the Authorization 'Bearer' token is a service access token, otherwise this parameter is ignored. Identifies the user on whose behalf the service is calling. User must have been provided with at least one of the Product Profiles belonging to the IMS Org whose IMS Org ID the caller provides as the `x-gw-ims-org-id` request header and write access permissions specific to schema type in the container for the IMS Org specified in `x-gw-ims-org-id`.",
								"type": "string",
								"enabled": true
							},
							{
								"key": "If-Match",
								"value": "{{If-Match}}",
								"description": "Used for optimistic lock on a write request. Contains etag value from previous request which is compared against latest value on the object. If values differ, the write request is rejected and returns HTTP Status 409 (Conflict).",
								"type": "integer",
								"enabled": true
							},
							{
								"key": "x-sandbox-name",
								"value": "{{SANDBOX_NAME}}",
								"description": "Identifies the Adobe Experience Platform sandbox to use. Default sandbox is 'prod'",
								"type": "string",
								"enabled": true
							}
						],
						"body": {
							"mode": "raw",
							"raw": "{{body}}"
						},
						"url": {
							"raw": "https://platform.adobe.io/data/core/xcore/:containerId/instances/:instanceId",
							"protocol": "https",
							"host": [
								"platform",
								"adobe",
								"io"
							],
							"path": [
								"data",
								"core",
								"xcore",
								":containerId",
								"instances",
								":instanceId"
							],
							"variable": [
								{
									"value": "{{containerId}}",
									"id": "containerId"
								},
								{
									"value": "{{instanceId}}",
									"id": "instanceId"
								}
							]
						},
						"description": "Update an existing XDM instance using JSON Patch protocol. Updates an existing instance using a patch document. Use the `Location` header or a HAL link received from a prior API call for this object as the complete URL for this API. If this is not possible, you can construct the URL from the `containerId` and the `instanceId`."
					},
					"response": []
				},
				{
					"name": "Delete an XDM instance.",
					"event": [
						{
							"listen": "prerequest",
							"script": {
								"type": "text/javascript",
								"exec": [
									"/** Begin Adobe-provided Pre-Request Scripts **/",
									"// Do not send HTTP Headers with empty variables, as Postman will send the literal variable name",
									"pm.request.headers.each(header => {",
									"    if (header.value.startsWith(\"{{\") && header.value.endsWith(\"}}\")) {",
									"        if (!pm.variables.get(header.value.substring(2, header.value.length - 2))) { pm.request.headers.remove(header.key); }",
									"    }",
									"});",
									"",
									"// Do not send HTTP URL Query Parameters with empty variables, as Postman will send the literal variable name",
									"pm.request.url.query.remove(q => { ",
									"    if (q.value.startsWith(\"{{\") && q.value.endsWith(\"}}\")) {",
									"        return !pm.variables.get(q.value.substring(2, q.value.length - 2));",
									"    } ",
									"});",
									"/** End Adobe-provided Pre-Request Scripts **/"
								]
							}
						}
					],
					"_postman_id": "a1b860b0-927e-52b0-9e7c-804b699e0c37",
					"request": {
						"method": "DELETE",
						"header": [
							{
								"key": "Accept",
								"value": "application/vnd.adobe.platform.xcore.xdm.receipt+json; version=1"
							},
							{
								"key": "Content-Type",
								"value": "application/vnd.adobe.platform.xcore.hal+json"
							},
							{
								"key": "Authorization",
								"value": "Bearer {{ACCESS_TOKEN}}",
								"description": "Access token in the format \"Bearer {ACCESS_TOKEN}\".",
								"type": "string",
								"enabled": true
							},
							{
								"key": "x-gw-ims-org-id",
								"value": "{{IMS_ORG}}",
								"description": "IMS organization ID. The container specified in the `containerId` parameter must be owned by the IMS Org attempting to access it.",
								"type": "string",
								"enabled": true
							},
							{
								"key": "x-api-key",
								"value": "{{API_KEY}}",
								"description": "API key of calling client.",
								"type": "string",
								"enabled": true
							},
							{
								"key": "x-request-id",
								"value": "{{x-request-id}}",
								"description": "A string in UUID format that is globally unique and must not be reused for different API calls. The request ID is used for debugging purposes and tracking of each API call performed. For example, \"d41ee840-0a10-4393-ab55-12fa54cb6172\".",
								"type": "string",
								"enabled": true
							},
							{
								"key": "x-user-token",
								"value": "{{x-user-token}}",
								"description": "Required when the Authorization 'Bearer' token is a service access token, otherwise this parameter is ignored. Identifies the user on whose behalf the service is calling. User must have been provided with at least one of the Product Profiles belonging to the IMS Org whose IMS Org ID the caller provides as the `x-gw-ims-org-id` request header and write access permissions specific to schema type in the container for the IMS Org specified in `x-gw-ims-org-id`.",
								"type": "string",
								"enabled": true
							},
							{
								"key": "If-Match",
								"value": "{{If-Match}}",
								"description": "Etag must match the etag on the object for the request to succeed, otherwise an HTTP Status 409 (Conflict) is returned.",
								"type": "integer",
								"enabled": true
							},
							{
								"key": "x-sandbox-name",
								"value": "{{SANDBOX_NAME}}",
								"description": "Identifies the Adobe Experience Platform sandbox to use. Default sandbox is 'prod'",
								"type": "string",
								"enabled": true
							}
						],
						"body": {
							"mode": "formdata",
							"formdata": []
						},
						"url": {
							"raw": "https://platform.adobe.io/data/core/xcore/:containerId/instances/:instanceId",
							"protocol": "https",
							"host": [
								"platform",
								"adobe",
								"io"
							],
							"path": [
								"data",
								"core",
								"xcore",
								":containerId",
								"instances",
								":instanceId"
							],
							"variable": [
								{
									"value": "{{containerId}}",
									"id": "containerId"
								},
								{
									"value": "{{instanceId}}",
									"id": "instanceId"
								}
							]
						},
						"description": "Deletes an existing instance using a constructed URL. Use the `Location` header or a HAL link received from a prior API call for this object as the complete URL for this API. If this is not possible, you can construct the URL from the `containerId` and the `instanceId`."
					},
					"response": []
				}
			],
			"_postman_id": "662e54d4-ca68-5f22-bde4-4aab833cb42e",
			"description": "Perform CRUD operations to add, edit, update, delete, and view instances via the primary `instanceId`."
		},
		{
			"name": "Home",
			"item": [
				{
					"name": "View the home directory for an IMS organization.",
					"event": [
						{
							"listen": "prerequest",
							"script": {
								"type": "text/javascript",
								"exec": [
									"/** Begin Adobe-provided Pre-Request Scripts **/",
									"// Do not send HTTP Headers with empty variables, as Postman will send the literal variable name",
									"pm.request.headers.each(header => {",
									"    if (header.value.startsWith(\"{{\") && header.value.endsWith(\"}}\")) {",
									"        if (!pm.variables.get(header.value.substring(2, header.value.length - 2))) { pm.request.headers.remove(header.key); }",
									"    }",
									"});",
									"",
									"// Do not send HTTP URL Query Parameters with empty variables, as Postman will send the literal variable name",
									"pm.request.url.query.remove(q => { ",
									"    if (q.value.startsWith(\"{{\") && q.value.endsWith(\"}}\")) {",
									"        return !pm.variables.get(q.value.substring(2, q.value.length - 2));",
									"    } ",
									"});",
									"/** End Adobe-provided Pre-Request Scripts **/"
								]
							}
						}
					],
					"_postman_id": "35bab06a-6c12-5117-8b4b-52e41106e197",
					"request": {
						"method": "GET",
						"header": [
							{
								"key": "Accept",
								"value": "*, application/vnd.adobe.platform.xcore.home.hal+json"
							},
							{
								"key": "Content-Type",
								"value": "application/vnd.adobe.platform.xcore.hal+json"
							},
							{
								"key": "Authorization",
								"value": "Bearer {{ACCESS_TOKEN}}",
								"description": "Access token in the format \"Bearer {ACCESS_TOKEN}\".",
								"type": "string",
								"enabled": true
							},
							{
								"key": "x-gw-ims-org-id",
								"value": "{{IMS_ORG}}",
								"description": "IMS organization ID. The container specified in the `containerId` parameter must be owned by the IMS Org attempting to access it.",
								"type": "string",
								"enabled": true
							},
							{
								"key": "x-api-key",
								"value": "{{API_KEY}}",
								"description": "API key of calling client.",
								"type": "string",
								"enabled": true
							},
							{
								"key": "x-request-id",
								"value": "{{x-request-id}}",
								"description": "A string in UUID format that is globally unique and must not be reused for different API calls. The request ID is used for debugging purposes and tracking of each API call performed. For example, \"d41ee840-0a10-4393-ab55-12fa54cb6172\".",
								"type": "string",
								"enabled": true
							},
							{
								"key": "x-user-token",
								"value": "{{x-user-token}}",
								"description": "Required when the Authorization 'Bearer' token is a service access token, otherwise this parameter is ignored. Identifies the user on whose behalf the service is calling. User must have been provided with at least one of the Product Profiles belonging to the IMS Org whose IMS Org ID the caller provides as the `x-gw-ims-org-id` request header and write access permissions specific to schema type in the container for the IMS Org specified in `x-gw-ims-org-id`.",
								"type": "string",
								"enabled": true
							},
							{
								"key": "x-sandbox-name",
								"value": "{{SANDBOX_NAME}}",
								"description": "Identifies the Adobe Experience Platform sandbox to use. Default sandbox is 'prod'",
								"type": "string",
								"enabled": true
							}
						],
						"body": {
							"mode": "formdata",
							"formdata": []
						},
						"url": {
							"raw": "https://platform.adobe.io/data/core/xcore/?product={{product}}&start={{start}}&limit={{limit}}&property={{property}}",
							"protocol": "https",
							"host": [
								"platform",
								"adobe",
								"io"
							],
							"path": [
								"data",
								"core",
								"xcore",
								""
							],
							"query": [
								{
									"key": "product",
									"value": "{{product}}"
								},
								{
									"key": "start",
									"value": "{{start}}"
								},
								{
									"key": "limit",
									"value": "{{limit}}"
								},
								{
									"key": "property",
									"value": "{{property}}"
								}
							]
						},
						"description": "View the home document for an IMS Organization. The home document is a HAL (Hypermedia Access Language) document which can be used as the hypermedia home directory for the IMS Organization specified. It lists relevant HAL links that can be traversed and also lists all of the containers belonging to the Org. The containers are ordered by the `repo:createdDate` property."
					},
					"response": []
				}
			],
			"_postman_id": "4951790a-e6cf-5fe3-ac3d-e46366c94026",
			"description": "Home document for an IMS Organization. The home document is a HAL (Hypermedia Access Language) document which can be used as the hypermedia home directory for the IMS Organization specified. It lists relevant HAL links that can be traversed and also lists all of the containers belonging to the Org."
		}
	]
}